sequence,SA_pMIC,EC_pMIC,Toxicity_label
AAAAAAAAAAGIGKFLHSAKKFGKAFVGEIMNS,-2.09995035009842,-2.099950350098421,0
AALKGCWTKSIPPKPCFGKR,-0.425490234103041,-0.1663267117488995,0
ADPRVKKVLGVAMQIRKAQLMREKLNSIMRR,-0.5361139478418353,-0.5361139478418354,0
AFCWNVCVYRNAVRVCHRRCN,-0.4998879650121823,0.8870566593583917,0
AFHHIFRGIVHVGKTIHRLVTG,-0.7403626894942439,-0.6020599913279624,1
AGGKRIVKRIKKFLRGAGGKRIVKRIKKFLRG,0.2041199826559248,0.2041199826559248,1
AGKEKIRKKLKNEIKKKGRKAVIAW,-1.641592840857467,-1.0395328495295046,0
AGKEKIRKKLKNEIKKKWRKAVIAW,-1.4186856162888652,-0.3906568926886218,0
AGKETIRQYLKNEIKKKGRKAVIAW,-1.6404216560388163,-1.339391660374835,0
AGLFKKLARAIKKGFKK,-0.7891713772913471,-0.6924466039883402,0
AGLQFPVGRIGRLLRK,-1.2730012720637376,-0.7993405494535817,0
AGTKEWLNKAKDFIKEKGLGMLSAAANAALN,-1.6020599913279625,-1.6020599913279625,0
AHPKVKRKLKRMQRKKDGKQKRH,-0.7620809553779642,-0.6371422187696638,0
AHPKWMEVVRSRQRKKKHNKRRATY,-0.4167935607447209,-0.2918548241364217,0
AHPRIKKHLDLLMKKERHLAMKIAAP,-0.8349223561972035,-0.9141036022448286,0
AIGHCLGATL,-1.5250863099291283,-0.9230263186011664,0
AIPCGESCVWIPCISTVIGCSCSNKVCYR,-1.9030899869919435,-0.8195439355418687,1
AIPFIFIWRLLRKG,-0.2741578492636798,-0.2741578492636798,1
AIPFIWIFRLLRKG,0.3279021420642826,0.0268721464003013,1
AIPWIFIFRLLRKG,-0.2741578492636798,-0.5740312677277188,1
AIPWIWIWWLLRKG,-0.505149978319906,-0.7781512503836436,0
AIPWIYIYRLLRKG,-0.5740312677277188,-0.2741578492636798,1
AIPWSIWWHLLFKG,-0.8228216453031046,-1.6989700043360187,1
AIPWSIWWRLLFKG,-0.7781512503836436,-2.3010299956639813,1
AKAIVRTIEQAPKTAKAKKS,-2.1072099696478683,-2.1072099696478683,0
AKKFAKKFAKKFAKKFAKKFAKKF,-1.8157867492858657,-0.922996718933734,1
AKKVFKRLEKLFS,-1.725298943058368,-1.725298943058368,0
AKKVFKRLEKLFSKI,-1.7123129086813655,-0.6707095952237971,0
AKKVFKRLEKLFSKIQN,-1.725298943058368,-0.9719712763997564,0
AKKVFKRLRKLFKKI,-1.7123129086813655,-0.6707095952237971,0
AKRIVQRIKDFLR,-1.6020599913279625,-1.0,0
ALGALFKVASKVL,-0.9774460026639776,-1.57950599399194,0
ALGDFFRKSKEKIGKEFKRIVQRIKDFLRNLAKRHHGYKRKFHLEY,-1.0650405281532946,-0.8606596296097353,0
ALWDTLLKKVLKAAAKAALDAVLVGANA,-0.9453277107964128,-0.6442977151324315,1
ALWFTMLKKLGTMALHAGKAALGAAANTISQGTQ,-1.3010299956639813,-0.3979400086720376,1
ALWKNMLKGIGKLAGKAALGAVKKLVGAES,-1.0,-0.3979400086720376,1
ALWKNMLKGIGKLAGQAALGAVKTLVGA,-0.1139433523068367,-0.3891660843645325,1
ALWKSILKNVGKAAGKAVL,-1.8030171472842416,-1.2016514718226334,0
ALWKTLLKKVLKAAAK,-1.146968071283688,-0.2438780842917456,1
ALWKTLLKKVLKAAAK,-1.146968071283688,-0.2438780842917456,1
ALWKTLLKKVLKAAAKAALNAVLVGANA,-0.6424482934967595,0.8633971124847974,1
ALWKTMLKKLGTMALHAGKAAFGAAADTISQ,-1.57978359661681,-0.9867717342662448,1
ALWMTLLKKVLKAAAKALNAVLVGANA,-1.0,-0.6020599913279624,1
ALYKKFKKKLLKSLKRLG,-1.841359470454855,-0.9395192526186184,1
AMAYLAKDNLGEKITEVITILLNRLTDRLEKYAG,-1.5231679980170982,-1.523167998017099,0
AMTLRKRKFAWYVLSSSLKWLIKKAKKIGVQVCGFE,-1.3010299956639813,-1.0413926851582251,1
AMTSRKRKFVWYVLSSSLKWLIKKAKKIGVQVCGFE,-1.0969100130080565,-1.0413926851582251,1
ANLDAIIKIQAWARMWAARRQYL,-1.0505726100639483,-0.3073989432358769,0
ANVGFVIQLQARLRGFLVRQKFA,-0.2329074886169444,-0.2329074886169454,0
APCKLGCKIKKVKQKIKQKLKAKVNAVKTVIGKISEHLG,-1.8748679895345943,-0.7957479735289306,0
APKVNVNALKKGGRVIKKGLGVIGAAGTAHEVYNHVRNRNQG,-0.4313637641589873,-0.041392685158225,0
APLKMKAILEIVHRRMKQNKMKAAF,-1.052514817755953,-1.2286060768116362,0
AQWFAIQHISLNPPRSTIAMRAINNYRWR,0.1549019599857432,-0.1760912590556812,1
AQWFAIQHISLNPPRSTIAMRAINNYRWRSKNQNTFLR,0.1549019599857432,0.3467874862246563,1
ARIVQRIKDFLR,-1.6020599913279625,-1.6020599913279625,0
ARLKKCFNKVTGYCRKKCKVGERYEIGCLSGKLCCAN,-0.7775932209960708,-0.953684480051752,0
ASEELLLRFQATSSGPILREEFE,-1.9791616533678964,-1.9791616533678964,0
ASITHVKNRGKYIYMHLKFRKTNVLI,-0.7083342555747058,-0.7083342555747061,0
ASVVNKLTGGVAGLLK,-1.2218487496163573,-0.7958800173440752,0
ATAWDFGPHGLLPIRPIRIRPLCGKDKS,-0.1766964913301634,-0.4781902291438179,0
ATCDLLSPFKVGHAACAAHCIARGKRGGWCDGRAVCNCRK,0.0215929122671756,-1.4835570660527302,0
ATCDLLSPFKVGHAACAAHCIARGKRGGWCDKRAVCNCRK,-0.0688040746361815,-1.4762711991096706,0
ATCDLLSPFKVGHAACAAHCIARGKRGGWCDKRAVCNCRK,0.4064057079321116,-1.4762711991096706,0
ATCDLLSPFKVGHAACAAHCIARGKRGGWCDKRAVCNCRK,0.6020599913279624,-1.4762711991096706,0
ATCDLLSPFKVGHAACALHCIAMGRRGGWCDGRAVCNCRR,0.8038799262481697,-1.4760684956302896,0
ATLTAKDLTFLQDYKKTKKRVK,-1.3010299956639813,-1.6020599913279625,0
ATPKMEQFLQKLMKRMARLKASAV,-0.9542981530756643,-0.9542981530756648,0
AVDRAV,-2.0,-2.0,0
AVVKVPLKKFKSIRE,-1.457882813791189,-1.4578828137911886,0
AVVKVPLKKFKSIRETMKEKGLLEDF,-1.517890417700473,-1.2168604220364914,0
AWASFFKKAAHVAKHVAKAALTHYL,0.1410159992530045,0.1410159992530045,1
AWASFFKKAAHVGKHVGKAALTHYL,-0.46546917714144,-0.7664991728054218,0
AWKEKIRKKLKNEIKKKGRKAVIAW,-1.3729281257281898,-0.4186856162888653,0
AWRQTIAKYLRREIRKRGRKAVIAW,-1.505149978319906,-0.0,0
CARLNCVPKGTSGNTETCPCYASLHSCRKYG,-0.9381523045296856,-0.612298725140672,0
CASYFC,-1.806179973983887,-1.806179973983887,0
CFQWKRAMRKVR,-2.1913899837365007,-2.191389983736501,0
CFQWKRAMRKVR,-2.1913899837365007,-2.191389983736501,0
CIAKGNGCQPSGVQGNCCSGHCHKEPGWVAGYCK,-1.3979400086720375,-1.0969100130080565,0
CIAKGNGCQPSGVQGNCCSGHCHKEPGWVAGYCK,-1.3979400086720375,-1.0969100130080565,0
CKINKQC,-2.3010299956639813,-2.3010299956639813,0
CKKLLKLCKKLLKLAG,-1.6020599913279625,-1.3979400086720375,0
CLRIGMRGRELMGGIGKTM,-2.1591455391548693,-2.1591455391548693,0
CRKPTFRRLKWKIKFKFKC,-0.8037274846977633,-0.8037274846977633,0
CVYAYVRVRGVLVRYRRCW,-0.9542425094393248,-0.7501225267834001,0
CWSCMGHSCWSCMGHSCWSCAGHSCWSCMGHSCWSCMGHSCWSCAGHCCGSCWHGGM,-0.8618638010140658,-1.1909225202782907,0
CYCRIPACIAGERRYGTCIYQGRLWAFCC,0.8295609405561031,0.6534696815004228,0
DANVENGEDAEDLTDKFIGLMG,-1.9293210337427165,-1.9293210337427165,0
DEDDD,-1.216468802129172,-1.9154388064651908,0
DEDLDE,-1.133911772961981,-1.1339117729619823,0
DFGCGQGMIFMCQRRCMRLYPGSTGFCRGFRCMCDTHIPLRPPFMVG,0.7028704245192934,0.0496579107439497,0
DHNNEIVKIQSLLRANKARDDYK,-1.960027202186244,-1.960027202186244,0
DHYLCVKNEGICLYSSCPSYTKIEGTCYGGKAKCCK,0.0243853551613657,-0.7817946188225213,0
DNTDSVVKIQSWFRMATARKSYL,-1.423232708076925,-0.0973791286879117,0
DSHAKRHHGYKRKFHEKHHSHRGY,-2.1197162557763463,-2.119716255776346,1
DSMGAVKLAKLLIDKMKCEVTKAC,-1.4548448600085102,-1.5440680443502757,0
EAQNLEKEIAALEQAIQGLEKEIPALAQQIQALEL,-2.3010299956639813,-2.3010299956639813,0
EGCNILCLLKRKVKAVKNVVKNVVKSVVG,-0.4754283192287706,-0.6513652173509257,0
EKALEKLIAIQKAIKGMLAGWFTGVGARRKR,-2.1072099696478683,-1.505149978319906,0
EKALEKLIAIQKAIKGMLNGWFTGVGFRRKR,-2.1072099696478683,-1.2041199826559248,1
EKRWRRLIFNYF,-1.2671717284030135,-0.6627578316815741,0
ELLKAVRLIK,-1.0669467896306144,-1.0,0
ELLSRVD,-1.0731384650989266,-1.983527690832368,0
ELSKAVRLIK,-1.3273589343863303,-1.3010299956639813,0
ENAEEDIVLMENLFCSYIVGSADSFWT,-1.8120062968347743,-1.8120062968347748,0
ENFFKRIRRAGKRIRDAIISAAPAVETLAQAQKIIKGGD,-1.6989700043360187,-0.3979400086720376,0
ENMFNIKSSVESDSFWG,-2.004998987210086,-2.004998987210087,0
EPRWKVFKKIEKMGRNIRDGIIKAGPAVAVLGDAKALGK,-1.7683185540889,-0.5852223934645601,0
EQEENVVKIQAFWKGYKQRKEYM,-1.5059177796170908,-0.3321304754709745,0
EQLKKCWNNYVQGHCRKICRVNEVPEALCENGRYCCLNIK,-1.7998320462279054,-1.7998320462279054,0
EVVPKVKKHFKDKENKKKLF,-2.1072099696478683,-2.1072099696478683,0
EWKLPDLIINHITLTRRNCFKYRCG,-2.214843848047698,-1.214843848047698,0
FAGAAFKALSKLL,-2.321149913647313,-2.476051873633057,0
FAHHIFRGIVHVGKTIHRLVTG,-1.036429265626675,-0.8239087409443188,0
FAKKFAKKFAKKFAKKFAKKFAKK,-1.9407254858941647,-0.9319515615866604,0
FAKKFAKKFKKFAKKFAKFAFAF,-1.527482302711685,-0.6358519378867923,1
FAKKLAKKLKKLAKKLAK,-1.7942540787794126,0.0119258952044744,0
FAKKLAKKLKKLAKKLAK,-0.8631353681872259,0.0119258952044744,0
FALGAVTCLIRTKCKVLPKLF,-2.1072099696478683,-1.806179973983887,0
FALGAVTKLLPSLLCMITRKC,-0.950486132364914,-1.2675900030354832,1
FALGAVTKRLPSLFCLITRKC,-0.7550273632989057,-0.7012135889395751,1
FALGAVTKVLPKLFCLITRKC,-0.7781512503836436,-1.2041199826559248,1
FALGAVTKVLYKLFCLITRKC,-0.7781512503836436,-2.1072099696478683,1
FAVWGCADYRGYCRAACFAFEYSLGPKGCTEGYVCCVPNTF,-1.1570890094586206,-1.548295635471689,0
FFFHIIKGLFHAGRMIHGLVNRRRHRH,-0.3979400086720376,-0.3979400086720376,1
FFFHIIKGLFHAGRMIHGLVNRRRHRHGMEELDLDQRAFEREKAFA,-0.6989700043360189,-0.6989700043360189,1
FFFLRRIF,-2.0,-2.0,1
FFGHLFKLATKIIPSLFQ,-0.3723859041996499,-1.250420002308894,1
FFGPLIKIATGVLPNLICKALGKC,-1.7751827837285532,-1.0762127793925342,1
FFGRLKSVWSAVKHGWKAAKSR,-0.4771212547196624,-0.6532125137753437,0
FFGSLLSLGSKLLPSVFKLFQRKKE,-0.6389627197781582,-0.638962719778158,1
FFGSLLSLGSKLLPSVFKLFQRKKE,-0.6389627197781582,-0.638962719778158,1
FFGWLIKGAIHAGKAIHGLIHRRRH,-0.3152704347785921,-0.6488144201437193,1
FFGWLIKGAIHAGKAIHGLIHRRRH,-0.3152704347785921,-0.6488144201437193,1
FFGWLIKGAIHAGKAIHPLIHRRRH,-0.5314789170422551,-0.693140460675295,0
FFGWLIKGAIHAPKAIHGLIHRRRH,-0.3152704347785921,-0.6462636538200159,0
FFGWLIKGAIHAPKAIHPLIHRRRH,-0.441956837656412,-1.0569048513364727,0
FFGWLIKPAIHAGKAIHGLIHRRRH,-0.2304489213782739,-0.6082203000327808,0
FFHHIARGIVHVGKTIHRLVTG,-1.1832698436828046,-1.0,0
FFHHIFRAIVHVAKTIHRLVTG,-0.3010299956639812,-0.3010299956639812,1
FFHHIFRAIVHVGKTIHRLVTG,-0.3010299956639812,-0.3010299956639812,1
FFHHIFRAIVHVPKTIHRLVTG,-0.3010299956639812,-0.9030899869919436,1
FFHHIFRGIKHVGKTIHRLVTG,-0.6020599913279624,-0.3521825181113625,0
FFHHIFRGIVHVAKTIHRLVTG,-0.3010299956639812,-0.3010299956639812,1
FFHHIFRGIVHVGKTIHKLVTG,-0.3909351071033791,-0.6910814921229685,1
FFHHIFRGIVHVGKTIHKLVTG,-0.3909351071033791,-0.6910814921229685,1
FFHHIFRPIVHVAKTIHRLVTG,-0.3010299956639812,-0.3010299956639812,1
FFHHIKRGIKHVGKTIHRLVTG,-0.8129133566428556,-0.6532125137753437,0
FFKKFWGGVKAIFKGARKGWK,-0.5440680443502757,-0.1760912590556812,1
FFPIIAGMAAKLIPSLFCKITKKC,-0.4771212547196624,-1.1139433523068367,1
FFPIIAGMAAKVICAITKKC,-0.4771212547196624,-1.1139433523068367,1
FFPLALLCKVFKKC,-2.0,-1.3979400086720375,0
FFRNLWKGAKAAFRAGHAAWRA,-0.090535589842998,-1.1192597411048932,1
FFVLKFLLKWAGKVGLEHLACKFKNWC,-0.5881188668593568,-0.2870888711953759,1
FFWRRVK,-1.0791812460476249,-1.3010299956639813,0
FGPVIGLLSGILKSLL,-1.6989700043360187,-2.3010299956639813,0
FHPSLWVLIPQYIQLIRKILKSG,-1.5740312677277188,-1.6989700043360187,1
FIFHIIKGLFHAGKMIHGLVT,-0.0969100130080564,-0.6989700043360189,1
FIFHIIKGLFHAGKMIHGLVTRRRH,-0.0969100130080564,-0.3979400086720376,1
FIFHIIKGLFHAGKMIHGLVTRRRHGVEELQDLDQRAFEREKAFA,-0.6989700043360189,-0.3979400086720376,1
FIFPKKNIINSLFGR,-0.9502621046401432,-1.8465126671017813,0
FIGAIASYLKKFR,-1.819924728541324,-1.819924728541324,0
FIGGIISFFKRLF,-0.306649924048308,-1.5100755908378785,1
FIGGIISFIKKLF,-0.3244473503332251,-1.5278730171227946,1
FIGPVLKIAAGILPTAICKIFKKC,-0.3621684154964844,-0.867272071542132,1
FIGPVLKMATSILPTAICKGFKKC,-0.4655970255587854,-1.289505766503104,0
FIHHIIGGLFHVGKSIHDLIR,-0.8750612633917001,-1.2430380486862944,1
FIHHIIGGLFSVGKHIHGLIHGH,-0.6989700043360189,-0.8260748027008264,0
FIIGGLFSAGKAIHRLIRRRRR,-0.5314789170422551,-1.9943171526696368,0
FILYGLIRFGRLLRK,-0.9344984512435676,-0.9344984512435676,1
FIVPSIFLLKKAFCIALKKC,-0.7269987279362621,-1.2041199826559248,1
FKAFKAFKAFKAFKAFKA,-2.377462853647679,-1.350590707247378,0
FKAFKAFKAFKAFKAFKAFKA,-2.311049506147943,-0.9922907435235304,0
FKAFKAFKAFKAFKAFKAFKAFKA,-2.253458071200288,-0.934699308575875,0
FKAFKAFKAFKAFKAFKAFKAFKAFKA,-1.1711002622225175,-1.1711002622225188,0
FKAFKAFKAFKAFKAFKAFKAFKAFKAFKA,-1.1255923448344485,-1.1255923448344485,0
FKAFRWAWRWKKLAAPS,-1.1861678834178355,-1.5987726541321363,0
FKAFRWAWRWKKLAAPS,-1.1861678834178355,-1.5987726541321363,0
FKAWRWAWRMKKLAAPS,-1.2271966631079037,-1.352135399716203,0
FKFLARTGKFL,-1.3820777295612818,-1.6831077252252624,0
FKGLAKLLKIGLKALAKVIQ,-0.041392685158225,-0.3010299956639812,1
FKKFFKKLKNSVKKRAKKFFKKPRVIGVSIPF,-0.3152884243524368,-0.0142584286884563,0
FKLGSFLKKAWKSKLAKKLRAKGKEMLKDYAKGLLEGGSEEVPGQ,-1.6989700043360187,-1.0170333392987805,1
FKLRAKIKVRLRAKIKL,-1.3536833666771009,-0.7607667547890083,1
FKRAVQRIKDFLR,-1.6020599913279625,-0.6989700043360189,0
FKRGVQRIKDFLR,-1.6020599913279625,-1.0,0
FKRHVQRIKDFLR,-1.6020599913279625,-1.0,0
FKRIAQRIKDFLR,-1.6020599913279625,-0.6989700043360189,0
FKRIGQRIKDFLR,-1.6020599913279625,-0.6989700043360189,0
FKRIHQRIKDFLR,-1.6020599913279625,-0.6989700043360189,0
FKRINQRIKDFLR,-1.6020599913279625,-1.0,0
FKRIQQRIKDFLR,-1.6020599913279625,-0.6989700043360189,0
FKRISQRIKDFLR,-1.6020599913279625,-0.6989700043360189,0
FKRIVQRAKDFLR,-1.6020599913279625,-1.0,0
FKRIVQRIKDALR,-1.6020599913279625,-0.6989700043360189,0
FKRIVQRIKDFAR,-1.6020599913279625,-1.0,0
FKRIVQRIKDGLR,-1.6020599913279625,-1.3010299956639813,0
FKRIVQRIKDHLR,-1.6020599913279625,-1.0,0
FKRIVQRIKDNLR,-1.6020599913279625,-1.3010299956639813,0
FKRIVQRIKDQLR,-1.6020599913279625,-1.0,0
FKRIVQRIKDSLR,-1.6020599913279625,-1.0,0
FKRLEKLF,-2.0,-2.0,0
FKRLEKLFKKIWNWK,-0.846955325019824,-0.6707095952237971,0
FKRLEKLFSKIQNDK,-2.0,-1.7958800173440752,0
FKRLEKLFSKIWNWK,-1.449092531119419,-0.9719712763997564,0
FKRLKKLFSKIWNWK,-1.147985320683805,-0.6707095952237971,0
FKRNVQRIKDFLR,-1.6020599913279625,-1.3010299956639813,0
FKRQVQRIKDFLR,-1.6020599913279625,-1.0,0
FKRSVQRIKDFLR,-1.6020599913279625,-1.0,0
FKVQNQHGQVVKIFHH,-2.737987326333431,-2.6127838567197355,0
FLFKLIPKAIKKLISKFK,-0.6989700043360189,-0.8750612633917001,0
FLFKLIPKAIKKLISKFK,-0.4771212547196624,-0.8750612633917001,0
FLFSAGKAIHRLIRRRRR,-1.2741578492636798,-2.055378331375,0
FLFSLIPSAIGGLISAFK,-0.6989700043360189,-1.6989700043360187,0
FLGAIAGVAAKFLPKVFCFITKKC,-0.4771212547196624,-1.3979400086720375,1
FLGAILKIGHALAKTVLPMVTNAFKPKQ,-0.9030899869919436,-0.9030899869919436,1
FLGALAKALSKLL,-1.3185377939780194,-1.8713797626358,0
FLGALFKALSKLV,-0.8931747425512392,-1.550752061729033,0
FLGALFKALSKVL,-0.965725409699851,-1.4538420487209764,0
FLGALFKAVSKLL,-0.9309633034406392,-1.4080845581603014,0
FLGALFKFASK,-1.609601595729189,-1.9106315913931704,0
FLGALFKKASK,-2.21843151985944,-2.21843151985944,0
FLGALFKLASK,-1.3207666890957612,-1.9228266804237235,0
FLGALFKVASKLVPAAICSISKKC,-0.4771212547196624,-0.9030899869919436,1
FLGALFKVASKLVPAAICSISKKC,-1.7101173651118162,-0.9030899869919436,1
FLGALFKVASKVLPSVKCAITKKC,-0.0844482997716304,-0.6899966189454145,0
FLGALFKVVSKLL,-0.7462966817992185,-1.445266686135237,0
FLGALFKWASK,-0.9939562201847882,-1.2949862158487693,0
FLGALLKIGAKLLPSVVGLFKKKQQ,-0.4913616938342727,-0.9469432706978256,1
FLGALLKIGAKVLPSVLCGIFKKC,-1.0,-1.7634279935629371,1
FLGALLKIGAKVLPSVLCGIFKKC,-1.0,-1.7634279935629371,1
FLGALVKALSKLL,-0.7075106688021308,-1.339533883507536,0
FLGALWKALSKLL,-0.6020599913279624,-1.806179973983887,1
FLGALWKVASK,-1.913827383473384,-2.2148573791373645,0
FLGAVFKALSKLL,-0.8931747425512392,-1.3289033121126763,0
FLGAVLKVAGKLVPAAI,-2.709269960975831,-2.709269960975831,0
FLGAVLKVCKISKKCAGKLVPAAI,-1.9030899869919435,-1.2041199826559248,0
FLGAVVKALSKLL,-1.28184641636415,-1.5658430727293513,0
FLGEWLFVTRKAKRKHKHAA,-2.1072099696478683,-2.1072099696478683,0
FLGGLIKIVPAMICAVTKKCHHHHHH,-0.658285930216523,-0.9805052249504422,1
FLGKLFKVASK,-2.2084733824944784,-2.208473382494478,0
FLGLLFKVASK,-1.3106848174526582,-2.213774804444602,0
FLGMIPGLIGGLISAFK,-0.6989700043360189,-2.505149978319906,1
FLGMIPGLIGGLISAFK,-0.6989700043360189,-2.505149978319906,1
FLGMIPGLIGGLISAFK,-0.9989588418394274,-2.505149978319906,1
FLGMIPGLIGGLISAFK,-0.9989588418394274,-2.505149978319906,1
FLGMIPKLIKKLIKAFK,-0.6989700043360189,-0.6989700043360189,1
FLGPIIKIATGILPTAICKFLKKC,-1.106974303930941,-1.160849684713797,0
FLGPIIKMATGILPTAICKGLKKC,0.0029796467438586,-1.2980503489201225,0
FLGVLFKVLSKLL,-0.3077742516547659,-2.4327129882630656,0
FLGWLFKVASK,-0.3789007773078435,-1.2854790921456076,0
FLGWLFKWASK,-0.3644380344437301,-0.9561980691318808,1
FLIGMTHGLICLISRKC,-1.117954394818602,-1.7200143861465649,0
FLIKILKGGKGGK,-1.866871981628057,-1.866871981628057,0
FLKALFKALKKLL,-0.7687015161046866,-0.8936402527129867,0
FLKALFKALSKLL,-0.6044112744403926,-1.2242000327287863,0
FLKALFKVALKVL,-0.3181964119711388,-1.525804722472885,1
FLKALFKVASKVL,-0.3258657991407703,-0.6338446547600785,1
FLLFPLMCKIQGKC,-1.358892146868968,-1.7848608791412484,0
FLLKIVALLKKKLL,-1.4663469717244189,-1.1653169760604378,1
FLLKLGLGKKKLL,-1.8324090277768343,-1.8324090277768343,0
FLNALKNFAKTAGKRLKSLLN,-0.724275869600789,-0.8061799739838872,0
FLPAIAGLAAKFLPKIFCAITKKC,-0.4941545940184428,-1.0965624383741357,1
FLPAIAGVAAKFLPKIFCAITKKC,-0.7979596437371962,-1.3998467127129224,1
FLPAIIGMAAKVLPAFLCKITKKC,-0.6720978579357175,-1.5740312677277188,1
FLPAVIRVAANVLPTVFCAISKKC,-0.9717746669399218,-1.573834658267884,1
FLPFLLSALPKVFCFFSKKC,-0.9030899869919436,-1.2041199826559248,1
FLPGILKVAANVVPGVI,-2.709269960975831,-2.709269960975831,0
FLPGILKVAANVVPGVICAITKKC,-1.3424226808222062,-2.0791812460476247,0
FLPGLIKAAVGIGSTIFCKISKKC,-0.7993405494535817,-2.0,1
FLPGLIKAAVGIGSTIFCKISRKC,-0.4913616938342727,-2.0,1
FLPGLLAGLL,-1.0253058652647702,-1.089905111439398,0
FLPIIAGAAAKVVEKIFCAISKKC,-0.7781512503836436,-2.0,1
FLPIIAGAAAKVVQKIFCAISKKC,-0.4771212547196624,-1.3979400086720375,1
FLPIIAGMAAKVICAITKKC,-0.7781512503836436,-1.6989700043360187,1
FLPIIAGVAAKVLPKLFCAITKKC,-0.3979400086720376,-1.0,1
FLPIIGKLLSGLL,-0.3503010155813074,-0.9100918441944164,1
FLPILAGLAAKIVPKLFCLATKKC,-0.3010299956639812,-1.505149978319906,1
FLPILAGLAAKLVPKVFCSITKKC,-0.4771212547196624,-1.1139433523068367,1
FLPILAGLAANILPKVFCSITKKC,-0.4771212547196624,-1.3979400086720375,1
FLPILASLAAKFGPKLFCLVTKKC,-0.3010299956639812,-1.230448921378274,1
FLPILASLAAKFGPKLFSLVTKKS,-0.4771212547196624,-1.6989700043360187,1
FLPILASLAAKLGPKLFCLVTKKC,-0.6020599913279624,-1.2041199826559248,1
FLPIVAGLAANFLPKIVCKITKKC,-0.9542425094393248,-2.1760912590556813,1
FLPIVASLAANFLPKIICKITKKC,-0.7993405494535817,-2.0,1
FLPKIFCAITKKC,-2.4082399653118496,-2.4082399653118496,0
FLPKLLAGLPSFLCLVFKKC,-1.0791812460476249,-1.2041199826559248,1
FLPKMSTKLRVPYRRGTKDYH,-0.0773841546461365,-0.7243251589781436,1
FLPKMSTKLRVPYRRGTKDYH,-0.0773841546461365,-0.7243251589781436,1
FLPLAVSLAANFLPKLFCKITKKC,-0.3144477805007253,-0.3869984476493381,1
FLPLIAGLAAKCAITKKC,-2.709269960975831,-2.709269960975831,0
FLPLIAGVAANFLPKIFCLISKKC,-0.4771212547196624,-2.0,1
FLPLIAGVAASILPKIFCFITKKC,-0.4771212547196624,-2.0,1
FLPLIASLAANFVPKIFCKITKKC,-0.0791812460476248,-2.1760912590556813,1
FLPLIASVAANLVPKIFCKITKKC,-0.380211241711606,-2.1760912590556813,1
FLPLLAGLAANFLPKIFCKITRKC,-0.3010299956639812,-1.3010299956639813,1
FLPLLAGLAANFLPKIFCKITRKC,-0.3010299956639812,-1.3010299956639813,1
FLPLLAGLAANFLPTIICKIARKC,-1.5740312677277188,-1.5740312677277188,1
FLPLLAGLCKITRKCAANFLPKIF,-0.1760912590556812,-0.8450980400142568,1
FLPLLLAGLPKFLCLVFKKC,-1.2041199826559248,-2.709269960975831,1
FLPLLLAGLPKLLCLFFKKC,-1.1760912590556811,-1.1760912590556811,1
FLPLLLAGLPLKLCFLFKKC,-0.7393639573528682,-1.6424539443448118,1
FLPLLLAGLPSFLCLVFKKC,-2.505149978319906,-2.709269960975831,0
FLPMLAGLAANFLPKIICKITKKC,-0.7993405494535817,-2.0,1
FLPMLAGLAANFLPKIVCKITKKC,-0.9542425094393248,-1.8750612633917,1
FLPMLAGLAASMVPKLVCLITKKC,-0.7781512503836436,-1.6989700043360187,1
FLPPSPWKETFRTS,-1.0987249614016237,-1.399754957065606,0
FLPVIAGLAAKVLPKLFCAITKKC,-0.3979400086720376,-1.0,1
FLPVIAGVAANFLPKLFCAISKKC,-0.4771212547196624,-1.6989700043360187,1
FLPVIASVAAKVLPKVFCFITKKC,-0.1760912590556812,-1.6989700043360187,1
FLPVLAGIAAKVVPALFCKITKKC,-0.4997607628012092,-1.128149692851521,1
FLPVLAGLTPSIVPKLVCLLTKKC,-1.3979400086720375,-2.0,1
FLPVLTGLTPSIVPKLVCLLTKKC,-1.6989700043360187,-2.0,0
FLPVVAGLAAKVLPSIICAVTKKC,-0.8450980400142568,-1.6532125137753435,1
FLSLIPKLVKKIIKAFK,-0.3979400086720376,-0.6989700043360189,1
FLSLIPSLVGGSISAFK,-2.0791812460476247,-2.204119982655925,0
FLSTLLNVASKVVPTLFCKITKKC,-0.9542425094393248,-2.1760912590556813,1
FLSTLLNVASNVVPTLICKITKKC,-1.2787536009528289,-2.1760912590556813,1
FLWALFKVASK,-0.979772440963973,-1.8828624279559163,1
FMGTALKIAANVLPAAFCKIFKKC,-0.4913616938342727,-2.3010299956639813,1
FMKKIVKIGKIARYSHKAKK,-2.1072099696478683,-2.1072099696478683,0
FMPIIGRLMSGSL,-0.1928711665917692,-0.8983232984557086,0
FMPILSCSRFKRC,-0.7708963675636863,-0.4694026297500323,0
FPVTWRWWKWWKG,-1.9414018478737656,-1.958147806023588,0
FRFGSFLKKVWKSKLAKKLRSKGKQLLKDYANKVLNGPEEEAAAPAE,-1.845098040014257,-0.3617278360175928,0
FRGLAKLLKIGLKSFARVLKKVLPKAAKAGKALAKSMADENAIRQQNQ,-0.7923916894982539,-0.2041199826559248,1
FSEAIKKIIDFLGEGLFDIIKKIAESF,-2.1072099696478683,-2.1072099696478683,0
FSRYARMRDSRPWSDRKNNYSGPQFTYPPEKAPPEKLIKWNNEGSPIFEMPAEGGHIEP,0.1404213011801619,-0.4616386901478004,0
FTILKKLKSFIK,-1.806179973983887,-1.806179973983887,0
FVGALFKALSKLL,-0.9309633034406392,-1.550752061729033,0
FVKELWDKVKKMGSAAWSAAKGAFA,-1.6020599913279625,-1.4668676203541096,0
FVKKFWGGVKAIFKGARKGLK,-1.5563025007672873,-0.9542425094393248,0
FVLPLVMCKILRKC,-0.7512560642073293,-1.7790532258282643,0
FVQWFSKFLGRIL,-1.1760912590556811,-1.0791812460476249,1
FVQWFSKFLGRIL,-1.1760912590556811,-1.0791812460476249,1
FVQWFSKLLGRIL,-1.1760912590556811,-1.0791812460476249,1
FVQWLSKFLGRIL,-1.1760912590556811,-0.7781512503836436,1
FVQWLSKLLGRIL,-1.7846172926328754,-1.0791812460476249,1
FWGAAAKMLGKALPGLISMFQKN,-0.6434526764861874,-1.5877109650189114,1
FWGALAKGALKLIGPGSLFSSFSKKD,-1.2730012720637376,-1.2730012720637376,1
FWGALAKGALKLIGSLFSSFSKKD,-1.0969100130080565,-1.0969100130080565,1
FWGALAKGALKLIGVGSLFSSFSKKD,-1.8750612633917,-1.5740312677277188,1
FWGALAKGALKLIGVSLFSSFSKKD,-2.4771212547196626,-2.4771212547196626,1
FWGALAKGALKLIVGSLFSSFSKKD,-2.4771212547196626,-2.4771212547196626,1
FWGALFKVASK,-1.299818996459167,-1.90187898778713,0
FWGFLGKLAMKAVPSLIGGNKK,-0.6989700043360189,-1.380211241711606,1
FWGFLGKLAMKAVPSLIGGNKSSSK,-1.0,-1.380211241711606,0
FWGLKGLKGPGKFSKKL,-1.7201593034059568,-1.3979400086720375,0
FWGLKGLKKFSKKL,-2.210853365314893,-1.3979400086720375,0
FWPVVIRTVVAGYNLYRAIKKK,0.3497314604963399,-1.030433458941007,1
FYTHVFRLKKWMQKVIDRFGG,-0.6020599913279624,-0.9030899869919436,0
GAARKSIRLHRLYTWKATIYTR,-1.3673559210260189,-1.2227164711475833,0
GAFGDLLKGVAKEAGMKLLNMAQCKLSGKC,-0.3010299956639812,-1.5118833609788744,0
GAFGNFLKGVAKKAGLKILSIAQCKLSGTC,-0.0106872559100173,-0.9172655707477816,0
GAFGNLLKGVAKKAGLKILSIAQCKLSGTC,-0.4913616938342727,-1.3979400086720375,0
GAKALTKAATAFTKFYKTIW,-1.7613254250071233,-0.8582354380151801,0
GALFKVASKVL,-2.2470319375038548,-2.247031937503856,0
GANAAKKLATFAKKIFTAYW,-1.4636429111109908,-1.1626129154470095,0
GANLAKKFYTYINKFINYAW,-1.7223587734137928,-1.4213287777498114,0
GASCGETCFTGICFTAGCSCNPWPTCTRN,-1.9030899869919435,-1.9030899869919435,1
GASPALWGCDSFLGYCRIACFAHEASVGQKDCAEGMICCLPNVF,-1.236789099409293,-1.589055531052344,0
GATYAKKIIKTITKIATTAW,-1.7688330907141192,-0.8657431037221759,0
GCASRCKAKCAGRRCKGWASASFRGRCYCKCFRC,-0.8750612633917001,-0.8502376796666679,0
GCRFCCNCCPNMSGCGVCCRF,-1.6434526764861874,-1.2174839442139065,0
GCRRLCWKQRCVTYCRGR,-1.2041199826559248,-0.1760912590556812,1
GCRRLCWRQRCVTWCRGR,-1.2041199826559248,-0.0,1
GCRRLCYKQRCVTWCRGR,-1.2041199826559248,-0.1760912590556812,1
GCRRLCYRQRCVTYCRGR,-1.2041199826559248,-0.1760912590556812,1
GCRRWCYKQRCVTYCRGR,-1.0791812460476249,-0.4771212547196624,1
GCSRWIIGIHGQICRD,-1.6164000640060383,-1.7413388006143382,0
GDACGETCFTGICFTAGCSCNPWPTCTRN,-1.9030899869919435,-1.9030899869919435,1
GEFAQFEQEAQSLEQELSQLEQQLESL,-2.3010299956639813,-2.3010299956639813,0
GEFLKCGESCVQGECYTPGCSCDWPICKKN,-2.0,-2.0,0
GEKLKKIGKKIKNFFQKL,-1.0969100130080565,-1.0969100130080565,0
GEKLKKIGQKIKKFFQKL,-1.3979400086720375,-1.3979400086720375,0
GEKLKKIGQKIKNFFKKL,-0.7958800173440752,-0.7958800173440752,0
GEKLKKIGQKIKNFFQKL,-1.6989700043360187,-1.6989700043360187,0
GFCGYACYYRNGVRICVRYCN,-0.3010299956639812,-0.0969100130080564,0
GFCIPIRCPGHTRQIGTCFGPRVKSCRKW,-0.3010299956639812,-0.0,0
GFCRCLCRRGVCRCICTR,-0.0,-1.1818435879447726,0
GFFKKAKRKVKKAFRRVL,-1.1611992390143862,-0.5591392476864235,0
GFFKKARRKVKKAFRRVL,-1.1557233006838343,-0.553663309355871,0
GFFKKAWRKVKHAGRRVL,-1.466800808473201,-1.4668008084732014,0
GFFKKAWRKVKKAFRRVL,-0.5478699670920347,-0.5478699670920352,0
GFFLNALKNFAKTAGKRLKSLLNHASCKLSGQC,-0.5268546511078155,-0.1466434093962088,0
GFGALFKFLAKKVAKTVAKQAAKQGAKYVVNKQME,0.0268721464003013,0.3279021420642826,1
GFGALFKFLAKKVAKTVAKQAAKQGAKYVVNKQME,0.0268721464003013,0.3279021420642826,1
GFGCNGPWDEDDMKCHNHCKSIKGYKGGYCAKAGFVCKCY,0.1685009798643539,-1.4615877350638522,0
GFGCNGPWDEDDMKCHNHCKSIKGYKGGYCASAGFVCKCY,0.5904148422881762,-1.4656426049123117,0
GFGCNGPWDEDDMKCHNHCKSIKGYKGGYCASAGFVCKCY,0.1644461100158945,-1.4656426049123117,0
GFGCPFNENECHAHCLSIGRKFGFCAGPLRATCTCGKQ,-0.6024217526832433,-1.498506970386785,0
GFGCPFNENECHAHCLSIGRKFGFCAGPLRATCTCGKQ,-0.2363950407531724,-1.498506970386785,0
GFGCPFNQGACHRHCRSIGRRGGYCAGLFKQTCTCYSR,0.0969100130080563,-1.0,0
GFGCPFNQGACHRHCRSIGRRGGYCAGLFKQTCTCYSR,0.5690933595076051,-1.0,0
GFGCPFNQGACHRHCRSIGRRGGYCAGLFKQTCTCYSR,-0.0757425739771903,-1.0,0
GFGCPFNQGQCHKHCQSIRRRGGYCDGFLKTRCVCYR,0.5376020021010439,-2.0,0
GFGSFLGSLFKTGLKIIPKLLPSIQQ,-0.6989700043360189,-1.3010299956639813,1
GFGSLFKFLAKKVAKTVAKQAAKQGAKYVANKHME,0.3279021420642826,0.3279021420642826,1
GFKDLLKGAAKALVKTVLF,-1.6989700043360187,-0.7781512503836436,1
GFKDLLKGAAKALVKTVLF,-1.6989700043360187,-0.7781512503836436,0
GFLDTFKNLALNAAKSAGVSVLNSLSCKLFKTC,-0.3723573623644499,-0.6733873580284304,0
GFLEKLKKGAKDFASALVNSIKGT,-2.307363744397982,-1.70530375307002,0
GFLEKLKTGAKDFASAFVNSIKGT,-2.306169404072416,-2.3061694040724148,0
GFLGILFHGVHHGRKKALHMNSERRS,-1.3311725721906569,-1.331172572190657,0
GFLGPLLKLAAKGVAKVIPHLIPSRQQ,-0.6989700043360189,-0.7781512503836436,0
GFLGPLLKLGLKGVAKVIPHLIPSRQQ,-0.3979400086720376,-1.6020599913279625,1
GFMDTAKNVAKNVAVTLIDKLRCKVTGGC,-1.3010299956639813,-1.1139433523068367,0
GFMGDTLKGIARNAALALMNAAQCKLSGKC,-1.1171009378670853,-0.8160709422031034,0
GFMKYIGPLIPHAVKAISDLI,-2.0,-1.3979400086720375,1
GFMKYIGPLIPHAVKAISDLI,-2.0,-1.3979400086720375,0
GFMKYIGPLIPHAVKAISKLI,-1.6989700043360187,-1.3979400086720375,1
GFMKYIGPLIPHAVKAISKLI,-1.6989700043360187,-1.3979400086720375,0
GFMKYIKPLIPHAVKAIKKLI,-1.6989700043360187,-0.7958800173440752,1
GFMKYIKPLIPHAVKAIKKLI,-1.6989700043360187,-0.7958800173440752,0
GFMKYIKPLIPHAVKAISKLI,-1.3979400086720375,-1.0969100130080565,1
GFMKYIKPLIPHAVKAISKLI,-1.3979400086720375,-1.0969100130080565,0
GFMSKVANFAKKFAKGGVNAIMNQK,-2.1072099696478683,-0.0,1
GFRDVLKGAAKAFVKTVAGHIAN,-2.0,-1.3979400086720375,0
GFRDVLKGAAKAFVKTVAGHIAN,-2.0,-1.3979400086720375,1
GFSSIFRGVAKFASKGLGKDLAKLGVDLVA,-2.1760912590556813,-2.0,0
GFSSIFRGVAKFASKGLGKDLAKLGVDLVACKISKQC,-0.6989700043360189,-0.6989700043360189,0
GFSSIFRGVAKFASKGLGKDLAKLGVDLVACKISKQC,-0.7781512503836436,-0.6989700043360189,0
GFSSIFRGVAKFASKGLGKDLAKLGVDLVASKISKQS,-1.7659167939666318,-1.6989700043360187,0
GFSSIFRGVAKFASKGLGKKLAKLGVKLVACKISKQC,-0.6283889300503115,-0.7781512503836436,1
GFSSLFKAGAKYLLKQVGKAGAQQLACKAANNC,-2.459392487759231,-2.709269960975831,0
GFWSSVWDGAKNVGTAI,-1.2041199826559248,-1.806179973983887,0
GFWSSVWDGAKNVGTAIIKNAKVCVYAVCVSHK,-1.1139433523068367,-1.2218487496163564,1
GFWTTAAEGLKKFAKAGLASILNPK,-1.9030899869919435,-1.9030899869919435,0
GIAGLLRSFVRMLAKIMGG,-1.632160434176306,-1.5072216975680055,1
GIFDVVKGVLKGVGKNVAGSLLEQLKCKLSGGC,-1.1760912590556811,-1.1760912590556811,0
GIFGKILGAGKKVLCGLSGLC,-1.0717468447739629,-1.1966855813822614,1
GIFGKILGVGKKVLCGLSGMC,-0.8859266084940816,-1.1869566041580628,1
GIFSALAAGVKLLGNTLFKMAGKAGAEHLACKATNQC,-1.0969100130080565,-1.3979400086720375,1
GIFSKINKKKAKTGLFNIIKTVGKEAGMDVIRAGIDTISCKIKGEC,-1.1139433523068367,-0.3010299956639812,0
GIFSKLAGKKIKNLLISGLKNVGKEVGMDVVRTGIDIAGCKIKGEC,-0.6334684555795865,-0.4471580313422192,1
GIFSLIKTAAKFVGKNLLKQAGKAGLEHLACKANNQC,-0.7993405494535817,-1.3979400086720375,0
GIFSLIKTAAKFVGKNLLKQAGKAGVEHLACKANNQC,0.4910885235703175,-0.5089114764296826,0
GIGAVLKVLTTGLCALISWIKRKRQQ,-1.7958800173440752,-2.096910013008056,1
GIGAVLKWLPALIKRKRQQ,0.8427419037980526,0.2145573957246402,0
GIGGKILSGLKTALKGAAKELASTYLH,-0.060293237705938,0.4768259466890098,1
GIGKFLHSAGKFGKAFIGEIMKS,-1.6989700043360187,-1.0969100130080565,0
GIGKFLHSAKKFGKAFVGEIMNSKKKKKKKKKK,0.0825097472808403,-0.9623712657232062,0
GIGKLFLHAAKKFAKAFVAEKMNS,-1.5838384290375211,-0.3368466440584089,0
GIGSMLLGLAKNVGMSLLNKAQCKISGKC,-1.7083951049377295,-1.1343638372100109,1
GIHDILKYGKPS,-1.505149978319906,-1.505149978319906,0
GIHDILKYGKPS,-1.505149978319906,-1.505149978319906,0
GIIKKIIKKIIKKI,-2.1072099696478683,-0.7558748556724915,0
GIIKKIIKKIIKKI,-2.1072099696478683,-0.7558748556724915,0
GIKDWIKGAAKKLIKTVASHIANQ,-1.6989700043360187,-0.7781512503836436,0
GIKIAKKAITIAKKIAKIYW,-1.1514559307597296,-0.8504259350957487,0
GIKSALLGIAKNVGMSLLQKAQCKLSGSC,-1.3010299956639813,-1.6766936096248666,1
GIKSALLGIAKNVGMSLLQKAQCKLSGSC,-1.3010299956639813,-1.6766936096248666,1
GILDKLKEFGISAARGVAQSLLNTASCKLAKTC,-1.5740312677277188,-2.1760912590556813,0
GILDTFKGVAKGVAKDLAVHMLENLKCKMTGC,-2.0,-1.6989700043360187,0
GILDTIKNAAKTVAVGLLEKIKCKMTGC,-1.845098040014257,-1.230448921378274,0
GILDTLKNLAKTAGKGILKSLVNTASCKLSGQC,-1.2815296205961633,-0.9804996249321812,0
GILKKFMLHRGTKVYKMRTLSKRSH,0.6044676782979066,-0.2194410626464127,1
GILKKFMLHRGTKVYKMRTLSKRSH,0.6044676782979066,-0.2194410626464127,1
GILKTIKSIASKLKRKAK,-1.401540339395131,-0.971894061628124,0
GILKTIKSIASKVANTVQKLKRKAKNAV,-1.2205986532423436,-0.2491983573911128,0
GILSSFKGVAKGVAKNLAGKLLDELKCKITGC,-1.3010299956639813,-0.6989700043360189,0
GILSTFKGLAKGVAKDLAGNLLDKFKCKITGC,-1.4313637641589874,-0.8450980400142568,0
GIMDTIKGAAKDLAGQLLDKLKCKITKC,-2.1760912590556813,-1.8750612633917,0
GIMDTVKNAAKNLAGQLLDKLK,-2.584331224367531,-2.1072099696478683,0
GIMDTVKNAAKNLAGQLLDKLKCKITAC,-2.1583624920952498,-1.505149978319906,0
GIMDTVKNAAKNLAGQLLDKLKCSITAC,-2.709269960975831,-2.709269960975831,0
GIMNTVKDVATGVATHLLNMVKCKITGC,-1.6989700043360187,-1.6989700043360187,0
GIMRVFKGVLKTAGKSVAKNVAGSFLDRLKCKISGGC,-0.0,-0.6989700043360189,1
GIMSLFKGVLKTAGKHVAGSLVDQLKCKITGGC,-1.2730012720637376,-0.4771212547196624,0
GINLKRKGNIMKKVKNIFHKIANADPMIWGYVMLSESK,-1.3010299956639813,-2.1383026981662816,1
GIPCGESCVFIPCITAAIGCSCKSKVCYRN,-2.0,-0.0,1
GIPCGESCVFIPCITGAIGCSCKSKVCYRN,-2.0,-0.041392685158225,1
GIPCGESCVWIPCISAALGCSCKNKVCYRN,-2.3981050092270406,-2.6989700043360187,0
GIPCGESCVWIPCISSAIGCSCKSKVCYRN,-1.3010299956639813,-1.937852093251156,1
GIRCPKSWKCKAFKQRVLKRLLAMLRQHAF,-1.0,0.3010299956639812,1
GITDLRGMLKRLKKMK,-0.3979400086720376,-0.3979400086720376,0
GIWKSLFTKLLKG,-0.5255418517192432,-0.5255418517192427,1
GIWKSLFTKLLKG,-0.5255418517192432,-0.5255418517192427,1
GKCNVLCQLKQKLRSIGSGSHIGSVVLPRG,-0.6570558528571039,-0.7240026424877172,0
GKFSVFGKILRSIAKVFKGVGKVRKQFKTASDLDKNQ,-0.7923916894982539,-1.0969100130080565,1
GKHKNKGKKNGKHNGWKWWW,-0.2032778167694502,-0.4463158654557436,0
GKHKNKGKKNGKHNGWKWWW,-0.5146077690732426,-0.4463158654557436,0
GKKLKKIGQKIKNFFQKL,-0.1931245983544616,-0.4941545940184428,0
GKLFKKILKIL,-0.9827269962885034,-0.3771786771147193,0
GKLNLFLSRLEILKLFVGAL,-1.7627735534494495,-1.78236910951283,0
GKVWDWIKSAAKKIWSSEPVSQLKGQVLNAAKNYVAEKIGATPT,-0.414973347970818,-1.3180633349627615,0
GKVWDWIKSTAKKLWNSEPVKELKNTALNAAKNLVAEKIGATPS,-1.6989700043360187,-1.3604671835158488,0
GKWGWIYITILFADVGGFKSSRHPEERRVQERRFKRITRGPD,-1.1139433523068367,-1.865103974641128,0
GKYGFYTHVFRLKKWMQKVIDRFGG,-0.6020599913279624,-0.9030899869919436,0
GLARCLAGTL,-1.8175412105654425,-0.9144512235734984,1
GLFDIIKKIAESF,-2.8295194905218395,-1.926429503529896,1
GLFDIIKKIAESF,-2.8295194905218395,-1.926429503529896,0
GLFDVIKKVASVIGGL,-1.296721091901923,-1.296721091901924,1
GLFDVIKKVASVIGGL,-1.296721091901923,-1.296721091901924,1
GLFDVIRRVASVIGGL,-0.980888800594636,-1.2819187962586174,1
GLFDVVKGVLKGAGKNVAGSLLEQLKCKLSGGC,-1.4771212547196624,-1.4771212547196624,0
GLFGKILGVGKKVLCGLSGMC,-1.0969100130080565,-0.4771212547196624,1
GLFGKLIKKFLRKAISYAVKKARGKH,-0.1760912590556812,-0.4771212547196624,1
GLFGVLAKVAAHVVPAIAEHF,-1.6682626530074964,-1.6682626530074969,1
GLFPKFNKKKVKTGIFDIIKTVGKEAGMDVLRTGIDVIGCKIKGEC,-1.7781512503836436,-0.4771212547196624,0
GLFRALLRLLRSLWRLLLRA,-1.806179973983887,-1.806179973983887,0
GLFSKFAGKGIKNLIFKGVKHIGKEVGMDVIRTGIDVAGCKIKGEC,-1.0969100130080565,-0.7781512503836436,0
GLFSVVKGVLKGVGKNVSGSLLDQLKCKISGGC,-0.6866701165073663,-0.9877001121713476,1
GLFTLIKCAYQLIAPTVACN,-0.9200916350756008,-1.221121630739582,0
GLFTLIKGAAKLIGKTVPKKQARLGMNLWLVKLPTNVKT,-0.0420391094471042,-0.0420391094471052,0
GLGGAKKNFIIAANKTAPQSVKKTFSCKLYNG,-0.1444361172391851,-0.4459298550528392,0
GLGSLLGKAFKFGLKTVGKMMGGAPREE,-0.7781512503836436,-0.7781512503836436,0
GLGSLLGKAFKFGLKTVGKMMGGAPREQ,-0.7781512503836436,-0.4771212547196624,1
GLGSLLGKAFKIGLKTVGKMMGGAPREQ,-0.7403626894942439,-0.6989700043360189,0
GLGSLLGKALKFGLKAAGKFMGGEPQQ,-1.3979400086720375,-1.3979400086720375,0
GLKALKKVFKGIHKAIKLINKHVK,-1.3010299956639813,-0.6989700043360189,0
GLKALKKVFKGIHKAIKLINKHVQ,-1.3010299956639813,-0.6989700043360189,0
GLKALKKVFKGIHKAIKLINNHVQ,-1.3010299956639813,-0.6989700043360189,0
GLKALKKVFQGIHEAIKLINNHVQ,-1.9030899869919435,-1.0,0
GLKALKKVFQGIHKAIKLINNHVQ,-1.6020599913279625,-0.6989700043360189,0
GLKEIFKAGLGSLVKGIAAHVAS,-2.397940008672037,-1.1818435879447726,0
GLKEIFKAGLGSLVKGIAAHVAS,-2.397940008672037,-1.1818435879447726,0
GLKEVAHSAKKFAKGFISGLTGS,-2.4082399653118496,-1.806179973983887,0
GLKEVLHSTKKFAKGFITGLTGQ,-2.204119982655925,-2.204119982655925,0
GLKKVIKLLRPLL,-1.505149978319906,-1.806179973983887,0
GLKRIFKSGLGKLVKGISAHVAS,-2.2730012720637376,-1.7958800173440752,0
GLLCYCRKGHCKRGERVRGTCGIRFLYCCPRR,-0.8750612633917001,-0.9542425094393248,0
GLLDLLKLLLKAAG,-1.0,-1.5440680443502757,1
GLLDSLKGFAATAGKGVLQSLLSTASCKLAKTC,-0.3906950612651009,-0.0896650656011199,1
GLLDSLKGFAATAGKGVLQSLLSTASCKLAKTC,-0.3906950612651009,-0.0896650656011199,1
GLLGKILGAGKKVL,-2.709269960975831,-2.1072099696478683,0
GLLGKILGAGKKVLCGVSGLC,-1.230448921378274,-0.9030899869919436,0
GLLGKILGAGKKVLLGVSGLL,-1.0413926851582251,-0.9030899869919436,0
GLLGPLLKIAAKVGSNLL,-2.113943352306837,-1.7781512503836436,1
GLLNGLALRLGKRALKKIIKRLCR,-0.9658657251294488,-0.0620803104758539,0
GLLRASSKWGRKYYVDLAGCAKA,-0.0,-1.0791812460476249,0
GLLRRLRKKIGEIFKKYG,-0.6020599913279624,-0.3010299956639812,0
GLLSGILGAGKHIICGLSGLC,-1.7028056877421287,-1.702805687742129,1
GLLSGILGAGKHIVCGLSGLR,-0.666080884119939,-0.3645871463062848,0
GLLSGILGAGKHIVCGLSGPCQSLNRKSSDVEYHLAKC,0.0983019432657119,-0.2034234800599205,0
GLLSGILGAGKQKVCGLSGLC,-0.977567933409003,-0.6763062522330436,1
GLLSGTSVRGSI,-1.1959762964650875,-1.4970062921290677,1
GLLSGVLGVGKKVLCGLSGLC,-0.6765141896766285,-0.3750204518629743,1
GLLSKVLGVGKKVLCGVSGLC,-1.1760912590556811,-0.6989700043360189,0
GLLSNVAGLLKQFAKGGVNAVLNPK,-2.1072099696478683,-0.9030899869919436,0
GLLSRLRDFLSDIGRRLGEKIERIGQKIKDLSEFFQS,1.9454821610185944,-0.7622617676249306,0
GLLSRLRDFLSDRGRRLGEIIERIGQIIKDLSEFFQS,2.239042460956979,-0.4599275433790402,0
GLLSRLRDFLSDRGRRLGEKIERIGQKIKDLSERFQS,2.242936297701421,-0.1550037109706187,0
GLLSRLRDFLSDRGRRLGEKIERIGQKIKDLSERFQS,2.447751708018996,-0.1550037109706187,0
GLLSRLRDRLSDRGRRLGEKIERIGQKIKDLSEFFQS,1.9506802263449423,-0.4560337066346001,0
GLLSRLRDRLSDRGRRLGEKIERIGQKIKDLSERFQS,1.9515741025039208,-0.4551398304756207,0
GLLSVLKGVLKTTGKHIFKNVGGSLLDQAKCKISGQC,-1.3979400086720375,-0.4771212547196624,0
GLMDIFKVAVNKLLAAGMNKPRCKAAHC,-0.9814191206106708,-0.9814191206106708,0
GLMDTIKGVAKNVAASLLEKLKCKVTGC,-1.9030899869919435,-1.3010299956639813,0
GLMDTIKGVAKTVAASWLDKLKCKITGC,-1.6989700043360187,-1.6989700043360187,0
GLMDTVKNAAKNLAGQLLDKIKCKITG,-1.5460098033525502,-1.2272510407281376,0
GLMDTVKNAAKNLAGQLLDRLKCKITGC,-1.6020599913279625,-1.3010299956639813,0
GLMDTVKNAAKNLAGQMLDKLKCKITGSC,-2.3010299956639813,-1.6989700043360187,0
GLMDVFKGAAKNLLASALDKIRCKVTKC,-2.0,-1.1139433523068367,0
GLMKLLRELLHMFSRVG,-1.4258651653882075,-1.8060764070998128,0
GLMSLFKGVLKTAGKHIFKNVGGSLLDQAKCKITGEC,-1.3979400086720375,-0.7781512503836436,1
GLMSLFRGVLKTAGKHIFKNVGGSLLDQAKCKITGEC,-1.3979400086720375,-0.4771212547196624,0
GLMSVLKGVLKTAGKHIFKNVGGSLLDQAKCKITGQC,-1.3979400086720375,-0.4771212547196624,0
GLMSVTKGVLKTAGKHIFKNVGGSLLDQAKCKISGQC,-1.3979400086720375,-0.4771212547196624,0
GLNAFKKVFQGIHEAIKLINNHVQ,-2.204119982655925,-1.3010299956639813,0
GLNALKKFFQGIHEAIKLINNHVQ,-2.204119982655925,-1.3010299956639813,0
GLNALKKVFKGIHEAIKLINNHVQ,-1.9030899869919435,-1.3010299956639813,0
GLNALKKVFQGFHEAIKLINNHVQ,-2.204119982655925,-1.9030899869919435,0
GLNALKKVFQGIHEAFKLINNHVQ,-2.204119982655925,-1.3010299956639813,0
GLNALKKVFQGIHEAIKKINNHVQ,-1.3010299956639813,-0.4259687322722811,0
GLNALKKVFQGIHEAIKKINNHVQ,-1.3010299956639813,-0.4259687322722811,0
GLNALKKVFQGIHEAIKLFNNHVQ,-2.204119982655925,-1.0,0
GLNALKKVFQGIHEAIKLINKHVQ,-1.9030899869919435,-1.3010299956639813,0
GLNALKKVFQGIHEAIKLINNHVK,-1.9030899869919435,-1.3010299956639813,0
GLNALKKVFQGIHKAIKKINNHVQ,-0.7781512503836436,-0.1760912590556812,0
GLNALKKVFQGIHKAIKLINNHVQ,-1.6020599913279625,-1.3010299956639813,0
GLNALKKVFQPIHEAIKKINNHVQ,-1.806179973983887,-1.3290587192642247,0
GLNALKKVFQPIHEAIKLINNHVQ,-1.505149978319906,-0.9030899869919436,0
GLNALKKVFQPIHKAIKKINNHVQ,-1.6020599913279625,-0.7781512503836436,0
GLPLLISWIKRKRQQAGPGSKKPVPIIYCNRRTGKCQRM,-0.2671717284030138,-0.2671717284030138,0
GLPTCGETCTLGTCYVPDCSCSWPICMKN,-2.0,-2.0,1
GLPVCGETCFGGTCNTPGCSCTWPICTRD,-2.204119982655925,-2.204119982655925,1
GLPVCGETCTLGTCYTQGCTCSWPICKRN,-2.204119982655925,-2.204119982655925,1
GLPVCGETCVGGTCNTPGCSCSWPVCTRN,-2.204119982655925,-2.204119982655925,1
GLPWILLRWLFFRG,-1.146128035678238,-2.3010299956639813,0
GLRKKFRKTRKRIQKLGRKIGKTGRKVWKAWREYGQIPYPCRI,-0.6570548269461755,-0.1799335722265132,0
GLRRALLRLLRSLRRLLLRA,-1.505149978319906,-0.9030899869919436,0
GLTRLFSVIK,-1.1497431351596896,-1.1497431351596892,0
GLVGTLLGHIGKAILG,-2.293204658152024,-2.397940008672037,0
GLVGTLLGHIGKAILG,-2.293204658152024,-2.397940008672037,0
GLVTSLIKGAGKLLGGLFGSVTGGQS,-0.7958800173440752,-0.7958800173440752,1
GLWDSIKNFGKTIALNVMDKIKCKIGGGCPP,-1.6989700043360187,-1.0969100130080565,1
GLWDTIKQAGKKFFLNVLDKIRCKVAGGCRT,-0.6641514977433867,-0.664151497743387,1
GLWDVIKKVASVIGGL,-0.5593559551402341,-1.1614159464681966,1
GLWNTIKEAGKKFAINVLDKIRCGIAGGCKT,-2.1760912590556813,-2.1760912590556813,1
GLWRVIRKVASVIGGL,-0.7634371954919049,-1.0187097005952117,1
GLWSKIKEAAKAAGKAALNAVTGLVNQGDQPS,-2.1072099696478683,-0.9030899869919436,0
GLWTTIKEGLKKFSLGVLDKIRCKIAGGC,-1.5740312677277188,-1.8750612633917,1
GMAKLLAKVLPHVVKLIK,-0.4313637641589873,-0.1760912590556812,0
GMASKLAKVLPHVVKLIK,-1.5440680443502757,-0.4623979978989561,0
GMASLLAKVLPKVVKLIK,-0.5440680443502757,-0.255272505103306,0
GMASLWAKVLPHVVKLIK,-0.7781512503836436,-0.3617278360175928,0
GMATKAGTAFGKAAKAIIGAAL,-2.4082399653118496,-1.2041199826559248,0
GNGNLLGGLLRPVLGVVKGLTGGLGKK,-2.28598893479804,-1.3828989478060958,0
GRFKRFRKKFKKLFKKLSPVIPLLHLG,-2.0,-0.4955443375464484,0
GRFKRFRKKFKKLFKKLSPVIPLLHLG,-2.0,-0.4955443375464484,0
GRFKRFRKKLKRLWHKVGPFVGPILHY,0.0506099933550872,1.0338582672609675,0
GRFRRLRKKTRKRLKKIGKVLKWIKKIVGSIPLGCG,2.227298595658362,-1.0737314000056233,0
GRFRRLRKKTRKRLKKIGKVLKWIPPIVGSIPLGCG,-0.7781512503836436,-1.0791812460476249,0
GRFRRLRKKTRKRLKKIGKVLKWIPPIVGSIPLGCG,2.220857598293105,-1.0791812460476249,0
GRFRRLRKKTRKRLKKIGKVLKWIPPIVGSIPLGCG,2.027176568751822,-1.0791812460476249,0
GRFRRLRKKTRKRLKKIGKVLKWIWWIVGSIPLGCG,2.239084927218011,-1.061945068445972,0
GRFRRLRKKTRKRLKKIGKVLKWIWWIVGSIPLGCG,2.345878174158162,-1.061945068445972,0
GRLIDKIARKLVKKIQRFARKFF,-1.0969100130080565,-0.6989700043360189,0
GRLRNLIEKAGQNIRGKIQGIGRRIKDILKNLQPRPQV,-0.1746121849293033,-1.66272882395043,0
GRRPRPRPRP,-2.204119982655925,-2.204119982655925,0
GRRPRPRPRP,-2.204119982655925,-2.204119982655925,0
GRRPRPRPRPFFF,-1.9030899869919435,-2.204119982655925,0
GRRPRPRPRPFFF,-1.9030899869919435,-2.204119982655925,0
GRRPRPRPRPFFFF,-1.6020599913279625,-2.204119982655925,0
GRRPRPRPRPFFFF,-1.6020599913279625,-2.204119982655925,0
GRRPRPRPRPFFFFF,-0.3979400086720376,-1.3010299956639813,0
GRRPRPRPRPFFFFF,-0.3979400086720376,-1.3010299956639813,0
GRRPRPRPRPWWW,-2.204119982655925,-1.0,0
GRRPRPRPRPWWW,-2.204119982655925,-1.0,0
GRRPRPRPRPWWWW,-1.6020599913279625,-0.6989700043360189,0
GRRPRPRPRPWWWW,-1.6020599913279625,-0.6989700043360189,0
GSKKPVPIIYCNRRGKCQRM,-1.0170333392987805,0.1938200260161128,0
GSKKPVPIIYCNRRKCQRM,-1.0170333392987805,-0.414973347970818,0
GSKKPVPIIYCNRRTGKCQRM,-2.0215740023933115,-0.8005700300724253,0
GSKKPVPIIYCNRRTGKCQRM,-2.0215740023933115,-0.8005700300724253,0
GSKKPVPIIYCNRRTKCQRM,-1.3180633349627615,-0.414973347970818,0
GSKKPVPIIYTNRRTGKCQRM,-2.4082399653118496,-2.4082399653118496,0
GSKRWRKFEKKVKKALEDAKEKLQEERVQKIVEHTKEALPVIKAVATVVGVVGRR,-1.4999408616860088,-0.8978808703580468,0
GSKRWRKFEKRVKKIFEETKEALPVIQGVATIVGAVGR,-1.3652145807928653,-0.1610945981369406,0
GSKRWRKFEKRVKKIFEETKEALPVVQGVVAVATAVGRR,-1.6521610068954278,-0.1470110285755219,0
GSKRWRKFEKRVKKIFEETKEALPVVQGVVGVATAVGRK,-1.355248525953701,-0.1511285432977765,0
GSKRWRKFEKRVKKVFEHTKEALPVIQGVATVVGAVGRR,-1.6527464077167182,0.1541289939288203,0
GSTSFHLIYNKWFAVKRRRKR,-0.7075701760979364,-0.7403626894942439,0
GSVIRALMRMFARLVG,-1.4066792230673488,-1.5564415434006804,0
GSVLRAIMRMFAKLMG,-1.405690265016436,-1.555452585349769,0
GTFIKQQRKQKQQRHHTSGTRKRMAK,-1.3057182981779831,-1.3057182981779836,0
GTKRGKLCRISRLAL,-1.5829301943247356,-0.9808702029967726,0
GVFDIIKGAGKQLIAHAMEKIAEKVGLNKDGN,-2.375988932768144,-2.074958937104164,0
GVFDIIKGAGKQLIAHAMGKIAEKVGLNKDGN,-2.3853880019446447,-1.7833280106166816,0
GVFDIIKGAGKQLIARAMGKIAEKVGLNKDGN,-2.382883954220929,-1.7808239628929663,0
GVFGLLAKAALKGASKLIPHLLPSRQQ,-0.0,-0.0,1
GVFKDALKQFGAALLDKAANALKPK,-2.291790506385784,-1.689752696139157,0
GVFKDALKQFGAALLDQAANALKPK,-1.9910044403307552,-1.6900187807886953,0
GVFKDALKQLGAALLDKAANALKPK,-2.297475993324212,-1.3944516808262164,0
GVFLDALKKFAKGGMNAVLNPK,-2.0,-1.255272505103306,0
GVGKFLHSAKKFGQALASEIMKS,-2.0,-2.0,0
GVGKFLHSAKKFGQALVSEIMKS,-2.0,-1.6989700043360187,0
GVIPCGESCVFIPCISTLLGCSCKNKVCYRN,-2.409510452269316,-2.398295984217163,0
GVITDTLKGVAKTVAAELLRKAHCKLTNSC,-1.6792461454138592,-1.6792461454138592,0
GVLGAVKDLLIGAGKSAAQSVLKTLSCKLSNDC,-0.1005145962714435,-0.4010159315148159,0
GVLGTVKNLLIGAGKSAAQSVLKTLSCKLSNDC,-1.3979400086720375,-0.7781512503836436,0
GVVDIIKGAGKKFAKGLAGKIANKK,-1.5999724640282782,-1.5137863164119945,0
GVVDILKGAAKDLAGH,-1.300669812670064,-1.902729803998028,0
GVVKVSRLKGESLRARL,-1.029599212292688,-0.7285692166287056,0
GVWGIAKIAGKVLGNILPHVFSSNQS,-1.369911285071794,-1.9420080530223127,0
GVWGIAKIAGKVLGNILPHVFSSNQS,-1.369911285071794,-1.9420080530223127,0
GVWSTILGGLKKFAKGGLDAIVNPK,-1.0791812460476249,-0.4771212547196624,1
GVWSTVLGGLKKFAKGGLEAIVNPK,-2.0,-0.7781512503836436,0
GVWSTVLGGLKKFAKGGLEAIVNPK,-1.6812412373755872,-0.7781512503836436,0
GVWTTILGGLKKFAKGGLEALTNPK,-1.9030899869919435,-1.6020599913279625,1
GWANTLKNVAGGLCKITGAA,-1.2850566697992885,-1.71102540207157,0
GWASSIGSILGKFAKGGAQAFLQPK,-2.4082399653118496,-1.505149978319906,0
GWFKTYKDWPVIISNVPGVI,-2.1072099696478683,-2.1072099696478683,0
GWGDTFGKVLKNFAKVAGVKAAK,-1.806179973983887,-0.9294189257142929,0
GWGDTFLKTMAKIAKVGPKLLHS,-1.6812412373755872,-0.6532125137753437,0
GWGSFFKKAAAVGKAVGKAALTAYL,-0.8039371547603468,-0.8039371547603468,0
GWGSFFKKAAHVAKHVGKAALTHYL,-0.0,-0.6020599913279624,0
GWGSFFKKAAHVGKHVAKAALTHYL,-0.0,-0.3010299956639812,0
GWINEEKIQKKIDEKIGNNILGGMAKAVVHKLAKGEFQ,-1.3553249805457526,-1.179233721490071,0
GWINKIQKKIEKIGNKILGGMAKAGPVVHKLAKGEFQ,-1.2519384236585696,-0.2976959142192452,0
GWINKIQKKIEKIGNNILGGMAKAGPVVHKLAKGEFQ,-1.299214481850174,-0.6002444775141559,0
GWKDWLNKAKDFIKEKGPEILRAAANAAIN,-1.550839605065785,-0.5440680443502757,0
GWKKWFTKGERLSQRHFA,-1.451577412126699,-1.4515774121266982,0
GWKKWLRKGAKHLGQAAIKGLAS,-0.8053165347387241,0.000863439245163,0
GWLDVAKKIGKAAFNVAKNFL,-0.2304489213782739,-0.5314789170422551,1
GWLDVAKKIGKAAFNVAKNFL,-0.2304489213782739,-0.5314789170422551,1
GWLKKIGKKIERVGQHTRGLGIAQIAANVAATAR,-0.726310049216348,-0.2288564036601154,0
GWLPTFGKILRKAMQLGPKLIQPI,-1.2041199826559248,-0.1760912590556812,0
GWRTLLKKAEVKTVGKLALKHYL,-0.6180480967120927,-0.919078092376074,0
GWWRRTVDKVRNAGRK,-2.3010299956639813,-0.7993405494535817,0
GWWRRTVDKVRNAGRKV,-2.0892610052044303,-2.089261005204429,0
GWWRRTVKKVRNAVRKV,-1.2717366377607315,-0.7488578924803935,0
GYCFTACALRNGVRICYRRCN,-0.6020599913279624,0.6600519383056491,0
GYCFTACARRNGARICYRRCN,-0.3010299956639812,0.6020599913279624,0
GYCFTACARRNGVRICYRRCN,-0.3010299956639812,0.9605858808238628,0
GYCFTACRLRNGVRICYRRCN,-1.2041199826559248,0.1249387366082999,0
GYCFTACYARNGVRICYRRCN,-0.0,0.9605858808238628,1
GYCFTACYLRNGARICYRRCN,-0.3010299956639812,0.5509074688805811,0
GYCFTACYLRNGRRICYRRCN,-0.6020599913279624,0.6600519383056491,0
GYCFTACYLRNGVRACYRRCN,-0.6020599913279624,0.5051499783199059,0
GYCFTACYLRNGVRICYRRCN,-0.3010299956639812,0.3010299956639812,0
GYCFTACYLRNGVRRCYRRCN,-0.9030899869919436,0.1627272974976997,0
GYCFTACYRRNGARICYRRCN,-0.0,0.8061799739838872,0
GYCFTACYRRNGVRICYRRCN,0.3010299956639812,1.2006594505464183,1
GYNYAKKLANLAKKFANALW,-1.021390423979068,-0.5442691692594072,0
HGVSGHGQHGTHG,-0.9763119550011724,-0.6752819593371913,0
HLRRINKLLTRIGLYRHAFG,-1.6537840836707125,-1.595792136693025,0
HNSSKQWSHWLWHNGIRI,-1.447006621966938,-1.4470066219669375,0
HPLKQYWWRPSI,-2.096910013008056,-2.096910013008056,0
HRVKRNGFRKFMRRLKKFFAGG,-1.669889714124006,-0.0398009991957995,0
HTMWRCVRLSACLFSVRRR,-1.9030899869919435,-1.9030899869919435,1
HWRRFWHR,-1.0969100130080565,-1.0969100130080565,0
IDTYSRKDDLDKKLLEVAKIIGRRLEKRHEYLAMK,-1.4792355747451562,-1.4792355747451569,0
IFFRRNKKMAVKVAINGFGRIGRLAFRQMF,-1.3010299956639813,-1.255272505103306,0
IGGIISFFKRLF,-0.6504644985749,-0.9514944942388812,1
IGKEFKRIVQRIKDFLRNL,-0.6020599913279624,-0.9030899869919436,0
IGKKFKRIVKRIKKFLRKL,-0.6020599913279624,-0.9030899869919436,0
IGKKFKRIVQRIKKFLRKL,-0.6020599913279624,-0.9030899869919436,0
IHKLVKLWLNLGKKF,-1.806179973983887,-1.806179973983887,0
IIKVPLKKFKSMREVMRDHGIKAPVVDPATKY,-0.2103633713207248,-0.43221212093708,0
IIPLPLGYFAKKT,-0.7781512503836436,-0.4771212547196624,0
IIPLPLGYFAKKT,-0.7781512503836436,-0.4771212547196624,0
IISTIGKLVKWIIDTV,-1.2787536009528289,-0.9030899869919436,1
IISTIGKLVKWIIKTV,-0.5440680443502757,-0.4771212547196624,1
IKIPAFVKDTLKKVAKGVISAVAGALTQ,-1.3010299956639813,-1.3010299956639813,0
IKIPAVVKDTLKKVAKGVLSAVAGALTQ,-1.6020599913279625,-1.3010299956639813,0
IKIPPIVKDTLKKVAKGVLSTIAGALST,-1.9030899869919435,-1.6020599913279625,0
IKIPPIVKDTLKKVAKGVLSTVADALSKS,-2.584331224367531,-0.0,0
IKIPSFFRNILKKVGKEAVSLIAGALKQS,-0.8750612633917001,-1.0,1
IKIPSFFRNILKKVGKEAVSLIAGALKQS,-0.8750612633917001,-1.0,1
IKKIGKKAAKKVIVKAIQAI,-2.1072099696478683,-1.505149978319906,0
IKKILSKIKKLWK,-1.0969100130080565,-0.9717395908877784,0
IKKILSKIKKWLK,-0.6989700043360189,-0.3979400086720376,0
IKKILSKIKKWWK,-1.0969100130080565,-1.0,0
IKKIWSKIKKLLK,-0.3979400086720376,-0.3979400086720376,0
IKKIWSKIKKLWK,-0.3979400086720376,-0.4955443375464484,0
IKKIWSKIKKWLK,-0.3979400086720376,-0.3979400086720376,0
IKKIWSKIKKWWK,-0.3979400086720376,-0.3979400086720376,0
IKKWLSKIKKLLK,-0.1931245983544616,-0.7958800173440752,0
IKNAKVCVYAVCVSHK,-1.8573324964312683,-1.806179973983887,1
IKRFWPVVIRTVVAGYNLYRAIKKK,-0.0660886773306937,-0.4920110873287141,0
IKRQYKRFFKLFKWFLKK,-0.1760912590556812,-0.0,1
IKWKRWWWR,-1.3453637381687418,-1.345363738168741,0
ILGPVLGLVSDTLDDVLGIL,-2.255272505103306,-2.255272505103306,0
ILGPVLGLVSDTLDDVLGIL,-2.255272505103306,-2.255272505103306,0
ILKPKLWKLTVVARKIIK,-1.806179973983887,-1.806179973983887,0
ILPIIGKILSTIFGK,-0.7958800173440752,-1.6989700043360187,1
INLKAIAAFAKALI,-1.5355659575764318,-1.2412586541141348,0
INLKAIAAFAKKFI,-0.9071602669096228,-0.3313883376056029,0
INLKAIAAFAKKLI,-1.5188704630175232,-1.2441694060758903,0
INLKAIAALGKKLL,-2.2421458713512044,-2.242145871351204,0
INLKAIAALVKKV,-1.6355647687101458,-0.9306579825275368,0
INLKAIAASAKKLL,-2.2457318056572624,-2.245731805657262,0
INLKAVAALAKKLL,-1.9411158756872229,-1.9411158756872229,0
INLKGLIKKVASLLT,-2.0,-1.3979400086720375,0
INLLKIAKGIIKSL,-1.5573935386210072,-1.3910621168544823,1
INLRAIAAFAKKLL,-1.3170876860271343,-1.317087686027134,0
INLRAIAALAKKLL,-1.025745886179656,-1.025745886179658,0
INMKASAAVAKKLL,-0.3323016521381982,-1.4103263209858805,0
INWKALLDAAKKVL,-2.1984790668768377,-1.5964190755488752,1
IPCGESCVWIPCISGMFGCSCKDKVCYS,-1.9030899869919435,-0.9294189257142929,1
IPCGESCVWIPCITAIAGCSCKNKVCYT,-1.9030899869919435,-0.8061799739838872,1
IPLLRKGKKIIWW,-1.806179973983887,-1.806179973983887,0
IQKVIQKLLNRLQKILQK,-1.6989700043360187,-0.4913616938342727,0
IRIRIRPIRIRIRP,-1.4409090820652175,-1.230448921378274,0
IRIRPIRIRP,-2.1072099696478683,-1.9822712330395684,0
IRKYLEEDNLGEKLAAVVSIYVKRLNKRLDMR,-1.5235020996431092,-1.5235020996431092,0
IRPIRP,-2.1072099696478683,-2.1072099696478683,0
ISLNPPRSTIAMRAINNYRWRSKNQNTFLR,-0.1760912590556812,-0.1760912590556812,1
ITEVITILLNRLTDRLEK,-2.0,-2.0,0
ITKQITKQLNRQTKIQSK,-2.0,-2.0,0
ITKVITKLLNRLSKILSK,-1.6989700043360187,-0.4471580313422192,0
ITKVITKLLNRLTKILSK,-1.1760912590556811,-0.4913616938342727,0
IVIKSLGKFLKNVGGFAG,-1.806179973983887,-1.806179973983887,0
IWDAIFHGAKHFLHRLVNPGGKDAVKDVQQKQ,-2.204119982655925,-2.204119982655925,0
IWKRWWWKR,-1.822484992888404,-1.6463937338327226,0
IWLTALKFLGKHAAKHLAKQQLSKL,-0.4913616938342727,-1.3979400086720375,0
IWSFLIKAATKLLGVGSLFGGGKKDS,-0.7736943258546177,-1.3757543171825806,1
IWSFLIKAATKLLPSLFGG,-0.8897270572135932,-1.792817044205537,0
IWSFLIKAATKLLPSLFGGGKKDS,-1.7222466121327709,-1.3948876777464407,1
KAAKKAAKKAAKKAAKKAAKKAAKKAAK,-2.2506474395076768,-2.2506474395076763,0
KAIAAFAAKLFI,-1.5973707668513155,-1.3474932936347157,0
KAIAAFAKALFI,-1.5973707668513155,-1.3932507841953905,0
KAIAAFAKKFFI,-1.567133157013589,-1.3172556837969889,0
KAIAAFAKKFI,-1.6170804911354524,-1.4921417545271527,0
KAIVQRIKDFLR,-1.6020599913279625,-1.6020599913279625,0
KALAALAKKIL,-1.3979400086720375,-1.3979400086720375,0
KALAALAKKILQQCRRPLYCRRR,-0.4913616938342727,-0.7993405494535817,0
KARQWQSKIRRTNPIFAIRR,-1.403753831679743,-1.6342027530580172,0
KARQWQWKIRRTWPIFAIRR,-0.4721771580210367,-0.2960858989653562,0
KCRQWQSKIRRTNPIFCIRR,-1.3928654374342444,-1.6233143588125185,0
KCRRLCYRQRCVTYCRGR,-0.3010299956639812,0.4173685605103636,1
KCRRYCYRQRCVTYCRGR,-0.9030899869919436,0.1249387366082999,0
KEFKRIVQRIKDFLRNLV,-0.4950833479843182,0.0400298537130305,0
KEKLKLKCKAPKCYNDKLACT,-1.916143674573654,-1.916143674573654,0
KESRAKKFQRQHMDSDSSPSSSSTYSNQMMRRRNMTQGRSKPVNTFVH,-0.6989700043360189,-0.9542425094393248,1
KFAFKFAFKFAFKFAFKFAFKFAFKFAF,-2.1582402244895365,-2.4592702201535186,0
KFAKKFAK,-2.412420173556713,-2.412420173556713,0
KFAKKFAKKFAK,-2.540063718039468,-2.239033722375486,0
KFAKKFAKKFAKKFAK,-2.115453733175967,-1.6883253353764474,0
KFAKKFAKKFAKKFAKKFAK,-2.019361013795606,-1.0016322468351757,0
KFAKKFAKKFAKKFAKKFAKKFAK,-1.8157867492858657,-0.6219667232697528,0
KFAKKFAKKFAKKFAKKFAKKFAKKFAK,-1.8741689152009668,-1.1483267644646469,0
KFAKKFAKKFAKKFAKKFAKKFAKKFAKKFAK,-1.6915311260825523,-0.7987410957304211,0
KFFKKFFKKFFKKFFKKFFKKFFKKFFK,-1.8099081322150807,-1.5088781365510997,1
KFFKKLKKSVKKHVKKFFKKPKVIGVSIPF,-1.319903393094366,-1.1157834104384412,0
KFFKKLKNSVKKRAKKFFKKPRVIGVSIPF,-0.1609441527410881,-0.1609441527410887,0
KFFKRLLKSVRRAVKKFRKKPRLIGLSTLL,-1.2840820975783909,-0.0733998194631998,0
KFHHIFRGIKHVGKTIHRLVTG,-0.5740312677277188,-0.3521825181113625,0
KFHHIFRGIVHVGKTIHRLVTG,-0.7596678446896306,-0.6690067809585756,0
KFKKFKKFKKFKKFKKFK,-2.311735822140497,-1.583577428676997,0
KFKKFKKFKKFKKFKKFKKFK,-2.2452475150576503,-1.2137304636115855,0
KFKKFKKFKKFKKFKKFKKFKKFK,-1.88656975224317,-1.1607276015068495,0
KFKKFKKFKKFKKFKKFKKFKKFKKFK,-1.7107463773133806,-0.817956346961249,0
KFKKFKKFKKFKKFKKFKKFKKFKKFKKFK,-1.790142049696638,-0.5383300767028385,0
KFKKLFKKLSPVFKRIVQRIKDFLR,-1.3010299956639813,-1.3010299956639813,0
KFKKLFKKLSPVIGKEFKRIVERIKRFLR,-1.0969100130080565,-1.0,0
KFLKKAKKFGKAFVKIL,-1.5471095915688884,-0.7683401282952254,0
KFLPKIFCAITKKC,-1.0791812460476249,-1.505149978319906,0
KFLPWKIFCAITKKC,-0.9030899869919436,-1.2041199826559248,0
KFLPWKWFCAITKKC,-0.9030899869919436,-1.2041199826559248,0
KFWPWKIFCAITKKC,-0.9030899869919436,-1.2041199826559248,0
KIAGKIAKIAGKIAKIAGKIA,-1.792581083183188,-0.7645523595829443,1
KIAGKIAKIAGKIAKIAGKIA,-1.792581083183188,-0.7645523595829443,0
KIKWILKYWKWS,-1.066325925362038,-0.6627578316815741,0
KIPPVVKDTLKKVAKGVLSAVAGALS,-2.2833012287035497,-0.3010299956639812,0
KIRFTRTVSRLLKAALAST,-1.2430380486862944,-0.7403626894942439,0
KKCKFFCKVKKKIKSIGFQIPIVSIPFK,-1.6160858622687844,-0.5525492911937328,0
KKCNFFCKLKKKVKSVGSRNLIGSATHHHRIYRV,-0.6726004216395582,-0.7695567569218734,0
KKCWNGGRCRKKCKENEKPIGYCRNGKKCCVN,-1.1781298429972835,-0.7010085882776205,0
KKFAKKFAKKFAKKFAKKFAKKFA,-1.9407254858941656,-0.922996718933734,0
KKFFLKVLTKIRCKVAGGCRT,-0.5234211014013173,-0.523421101401317,0
KKFLHSAKKWLKAFVKLFKNW,-0.9749824380593942,-0.2622465638583712,1
KKFLPKIFCAITKKC,-1.0791812460476249,-1.2041199826559248,0
KKFLPWKIFCAITKKC,-0.9030899869919436,-1.2041199826559248,0
KKFPWWWPFKK,-0.4039771572938243,-0.7050071529578052,1
KKFPWWWPFKK,-0.4039771572938243,-0.7050071529578052,0
KKFPWWWPFKK,-0.5800684163495049,-0.7050071529578052,1
KKFPWWWPFKK,-0.5800684163495049,-0.7050071529578052,0
KKGWAKKLAFAFGKK,-1.4771212547196624,-0.9084850188786496,0
KKIAIITKNLKNFFIMLNII,-2.1072099696478683,-2.1072099696478683,0
KKIGKKAAKKVIVKAIQAIV,-2.1072099696478683,-0.3010299956639812,0
KKKKKKKKKKGIGKFLHSAKKFGKAFVGEIMNS,-0.5230385718929439,0.1070038207610032,0
KKKKKKKKKKGIGKLFLHAAKKFAKAFVAEKMNS,-0.8081192299321281,-0.1479018145881257,0
KKKKKKKKKKKKKKKKKKKKGIGKFLHSAKKFGKAFVGEIMNS,-0.6963423924468187,-0.1453577087946046,0
KKKKPLFGLFFGLF,-0.9533513054341506,-0.6523213097701696,0
KKLFKKILKFL,-1.6465475786177044,-0.7551495189504785,0
KKLFKKILKFL,-1.6465475786177044,-0.7551495189504785,0
KKLKKLKKKWKKLKKKLK,-1.6339329364457782,-1.6339329364457778,0
KKLKKLLKKWKKLLKKLK,-1.6395834261023785,-1.639583426102378,0
KKLRLKIAFK,-1.505149978319906,-1.166331421766525,0
KKPSKKPKPQAMTFPKVTVEYFPASFSTAALTVPED,-1.2765350018167203,-0.8963237601051135,0
KKPWWKPWWPKWKK,-0.3010299956639812,-0.3010299956639812,0
KKRWWWWWR,-0.2959122000405487,-0.7218809323128302,0
KKSINSLHLAMLKKQRLNRD,-2.1072099696478683,-2.1072099696478683,0
KKTWWKTWWTKW,-0.6020599913279624,-0.6020599913279624,0
KKTWWKTWWTKWKK,-0.3010299956639812,-0.3010299956639812,0
KKTWWKTWWTKWSQP,-0.6020599913279624,-0.6020599913279624,0
KKTWWKTWWTKWSQPKK,-0.3010299956639812,-0.3010299956639812,0
KKTWWKTWWTKWSQPKKKRKV,-0.3010299956639812,-0.3010299956639812,0
KKTWWKTWWTKWSQPKKKRKV,-0.2218487496163572,-0.3010299956639812,0
KKVADKVLLLKQLRIMRL,-0.9030899869919436,-1.2041199826559248,0
KKVVFKVKFK,-1.0018651726197665,-0.902875533218587,0
KKVWFIFHVCPKLKQRIL,-0.8454492303429938,-0.845449230342994,0
KKWMQKVIDRFGG,-2.1072099696478683,-2.1072099696478683,0
KKWQWK,-2.346352974450639,-2.346352974450639,0
KKWRAWLKWLAKK,-0.7066715460850014,-0.2502728580078695,0
KKWRKWLKALAKK,-1.323037532287962,-0.870535535492384,0
KLALKLALKALKAALKLA,-1.833642191327056,-1.833642191327056,1
KLALKLALKALKAALKLA,-1.833642191327056,-1.833642191327056,1
KLCKIVVIKVCK,-1.806179973983887,-0.9030899869919436,0
KLDLKLDLKLDL,-2.0,-2.0,0
KLLKHKLLVTLA,-1.2590778890618357,-1.1341391524535354,0
KLLKKLLKLWKKLLKKLK,-1.6453084029704828,-1.645308402970483,1
KLLKLLLKLWKKLLKLLK,-1.6511098571594016,-1.6511098571594012,1
KLLKLLLKLWLKLLKLLL,-1.656989859615548,-1.6569898596155477,1
KLLKQWPIGKLLKKLLKKLLK,0.7042050491301658,0.7042050491301658,0
KLLRHRLLVTLA,-0.639694717301227,-0.5147559806929272,0
KLLSHSLLVTLA,-0.683750352453666,-0.8598416115093476,0
KLNRLKEKNKAKNSKENN,-2.3755313333348456,-2.3755313333348456,0
KLVKKLLKKYITF,-1.806179973983887,-1.806179973983887,0
KNIGNSVSCLRNKGVCMPGKCAPKMKQIGTCGMPQVKCCKRK,-1.247319690819996,-1.3442297038280513,0
KNLRRIIRKIIHIIKKYG,-0.8214391008777013,-0.9822712330395684,1
KNLRRIIRKIIHIIKKYG,-0.8214391008777013,-0.9822712330395684,0
KNLRRIIRKIIHIIKKYG,-2.288361027472952,-0.9822712330395684,1
KNLRRIIRKIIHIIKKYG,-2.288361027472952,-0.9822712330395684,0
KNVNSIVKIQAFFRARKAQDDYR,-0.6717558190547196,-0.5490385424403781,0
KPKDMTSSQWFKTQHVQPSPQASNSAMSIINKYTERSKDLNTFLH,-1.0,-1.0,1
KPKGMTSSQWFKIQHMQPSPQASNSAMKNINKHTKRSKDLNTFLH,-1.0,-0.0791812460476248,1
KPPQFTWAQWFETQHINMTSQQSTNAMQVINNYQRRSKNQNTFLL,-1.0,-1.0,0
KPYLKRFQVYYKGRMWC,-1.6989700043360187,-1.3979400086720375,0
KQKLAKLKAKLQKLKQKLAKL,-1.6989700043360187,-0.4771212547196624,0
KQKTLKKVWKLSEKVLIFASAFAKKAGAAEATLVL,-1.6989700043360187,-0.6989700043360189,1
KRFKKFFKKLKKFVKKGFKKFAKV,-1.254257812060406,-0.5970425558313875,0
KRFKKFFKKLKNSVKKRAKKFFKK,-1.277356277549112,-1.0560374785560538,0
KRFKKFFKKLKNSVKKRAKKFFKKPKVIGVTFPF,-1.002572547442601,-0.8776338108343004,1
KRFKKFFRKIKKGFRKIFKKTKIFIGGTIPI,-0.8112410868887329,-0.3923323115649945,0
KRFKKFFRKLKKSVKKRAKEFFKKPRVIGVSIPF,-1.4435122670832536,-0.4561191355412955,0
KRFKKFFRKLKKSVKKRKKEFKKKPRVIGVSIPF,-1.5244257382860755,-0.0719850291376914,0
KRFKKFFRKLKKSVKKRKKEFKKKPRVIKVSIPF,-1.197014076767182,-0.4449656289477433,0
KRFKKFWKKIKNSVKKRAKKFFRKPRVIAVSIPF,-0.2658093199157966,0.0353596722230156,0
KRFWPLVPVAINTVAAGINLYKAIRRK,-0.0,-0.3010299956639812,1
KRFWPVVIRTVVAGYNLYRAIKKK,-0.082675954119759,-0.8096283597817636,1
KRFWQLVPLAIKIYRAWKRR,-0.6020599913279624,-0.3010299956639812,1
KRIGLIRLIGKILRGLRRLG,-1.3649100110077867,-1.143061261391431,0
KRIRFFERIRDRLRDLGNRIKNRIRDFFS,-1.2270389225654617,-1.2270389225654612,0
KRIVARIKAFLR,-0.3979400086720376,-0.0969100130080564,0
KRIVKRIKKFLR,-0.3979400086720376,-0.0969100130080564,0
KRIVQAIKDFLR,-1.6020599913279625,-1.6020599913279625,0
KRIVQRIADFLR,-1.6020599913279625,-1.6020599913279625,0
KRIVQRIKDFLA,-1.6020599913279625,-1.6020599913279625,0
KRIVQRIKDFLRNLVPRTES,-1.6020599913279625,-1.806179973983887,0
KRLFKKLLKYLRKF,0.274481001187411,0.2744810011874113,0
KRLFKRLFKYLRRF,0.2947840927317913,-0.0062459029321895,0
KRMGIFHLFWAGLRKLGNLIKNKIQQGIENFLG,-1.221670601014983,-1.2216706010149834,0
KRNGFRKFMRRLKKFFAGGGSSIAHIKLH,-1.3449848249474197,-1.2200460883391202,0
KRVWPLVIRTVIAGYNLYR,-0.9030899869919436,-0.6020599913279624,0
KRWRWRW,-0.9294189257142929,-1.3222192947339193,0
KRWWKWWRR,0.1549019599857432,-0.4471580313422192,0
KSKEKIGKEFKRIVQRIKDFLRNLVPRTES,-1.0791812460476249,-0.9030899869919436,0
KSLRPRCWIKIKFRCKSLKF,-0.5676808655578781,-1.1695092949065322,0
KSRQWQWKIRRTWPIFSIRR,-1.3701451205886648,-0.591993870205022,0
KVFKRLEKLFS,-1.7958800173440752,-1.725298943058368,0
KVFKRLEKLFSKI,-1.725298943058368,-1.725298943058368,0
KVFKRLEKLFSKIQNDK,-1.725298943058368,-1.449092531119419,0
KVISMI,-1.0642993725933183,-1.0642993725933196,0
KVLKAAAKAALNAVLVGANA,-1.6989700043360187,-1.6989700043360187,1
KVVKQWPIGKVVKKVVKKVVK,0.3834751370967008,0.08244514143272,0
KWCFCVCYRGICRCRCRG,-0.041392685158225,-0.7520484478194386,0
KWCFCVCYRGICYCRCRG,0.0457574905606751,-0.6946051989335688,0
KWCFRRCYRGICYRRCR,-1.6989700043360187,-0.1931245983544616,0
KWCFRSCYRGICYRRCR,-0.7958800173440752,-0.1931245983544616,0
KWCFRVCRRGICYRRCR,-0.4955443375464484,-0.1931245983544616,0
KWCFRVCSRGICYRRCR,-0.4955443375464484,0.0969100130080563,0
KWCFRVCYRGICYRKCR,-0.9164539485499252,1.207608310501746,1
KWCFRVCYRGICYRKCR,-0.9164539485499252,1.207608310501746,0
KWCFRVCYRGICYRKCRG,-0.8129133566428556,-0.5740312677277188,0
KWCFRVCYRGICYRRCRG,-0.8129133566428556,-0.3979400086720376,1
KWCFRVCYRGRCYRRCR,-0.1931245983544616,-0.1931245983544616,0
KWCFRVCYRGSCYRRCR,-0.4955443375464484,0.0969100130080563,0
KWCIRVCRNGVCYRRCR,-0.9030899869919436,0.3010299956639812,0
KWCRCVCRRGICRCRCRG,-0.1760912590556812,-0.5250448070368452,0
KWCRCVCRRGICRCRCRK,-0.0791812460476248,-0.5622928644564748,0
KWCRCVCRRGICYCRCRG,0.0969100130080563,-0.7708520116421442,0
KWCVYAYVKVKGVLVKYKKCW,-1.2743034163832658,-0.1760912590556812,1
KWCVYAYVKVKGVLVKYKKCW,-0.3979400086720376,-0.1760912590556812,1
KWKIFKKIEKVGRNIRNGIIKAVAVLGEAKAL,-2.0,-0.3194530784907672,0
KWKKFKKIGAVLKKL,-1.2041199826559248,-0.1760912590556812,0
KWKKFKKIGKVLKVL,-1.2041199826559248,0.3010299956639812,0
KWKKLLKKLLKLLKK,-0.9030899869919436,-1.380211241711606,0
KWKLFKKIFKRIVQRIKDFLRN,-0.1899803190241228,-0.4118290686404804,1
KWKLFKKIGAVLKKL,-0.8450980400142568,-0.3979400086720376,0
KWKLFKKIGKVLKKL,-1.0413926851582251,-0.0,0
KWKLFKKIGKVLKVL,-0.4393326938302626,0.1249387366082999,1
KWKLFKKIRGGRLCYCRRRFCVCV,-1.0251757237239545,-0.9459944776763276,0
KWKLWKKIEKWGQGIGAVLKWLTTWL,-1.505149978319906,-0.3010299956639812,0
KWKVFKKIEKMGRNIRNGIVK,-1.862535020521132,-1.4824627308126006,0
KWKVFKKIEKMGRNIRNGIVKAGPAIAVLGEAKAL,-2.0,0.2076083105017461,0
KWKVFKKIEKMGRNIRNGIVKAGPAIAVLGEAKAL,-2.0,0.2076083105017461,0
KWKVLKKKIKMLRNRINGLVKAGPALKVKLQALAL,-1.413299764081252,-0.1072099696478683,0
KWKYPKLLKKLLK,-0.9772166155180828,-1.579276606846045,0
KWQWKWQWK,-2.155336037465062,-1.5563025007672873,0
KWRQWQSKWRRTNPWFWIRR,-0.7413736855048072,-0.3611624437932007,0
KWRRWIRWL,-0.3453299581228126,-0.6463599537867943,0
KWRRWVRWI,-1.2562823880905896,-0.9552523924266092,0
KWWKIWRWR,-1.0443337425047587,-1.6463937338327226,0
KWWRWRRWW,-0.7139383135505095,-1.9180582962064343,0
KYEITTIHNLFRKLTHRLFRRNFGYTLR,-0.6989700043360189,-0.8372727025023002,0
LALALALALALALALALALALA,-1.9623916836261368,-1.9623916836261368,0
LDVKKIICVACKIKPNPACKKICPK,-2.0,-1.801403710017355,0
LDVKKIICVACKIRPNPACKKICPK,-2.0,-1.5118833609788744,0
LFGFLIKLIPSLFGALSNIGRNRNQ,-0.3503879356699729,-1.2534779226619166,1
LFGFLIPLLPHIIGAIPQVIGAIR,-0.3860855862152281,-1.2891755732071717,1
LFRKKRHHWFVRTKNSLSKN,-2.1072099696478683,-2.1072099696478683,0
LFSIIWKLNRKLIKA,-1.806179973983887,-1.806179973983887,0
LGDFFRKSKEKIGKEFKRIVQRIKDFLRNLAKRHHGYKRKFH,-0.6771887642713736,-0.4993568436393913,0
LGLFKKLLRLIKKGFKK,-0.7154156577031006,-0.66457191200666,1
LGLFKKLLRLILKGFKL,-0.4210619390020605,-0.6710423134113946,1
LIKKLKEYLKKLI,-1.894993164584378,-1.8949931645843776,0
LIQRGRFGRFLGRIRRFRPRINFDIRARGSIRLG,-0.4813008395201411,-0.8333675612084999,0
LKFLKFG,-2.1072099696478683,-2.1072099696478683,0
LKIPGFVKDTLKKVAKGIFSAVAGAMTPS,-1.6020599913279625,-1.3010299956639813,0
LKIPGFVRDTLKKVAKEIFSAVTGAVTQS,-2.1072099696478683,-0.0,0
LKKLLKKLLKKLLKKLLKKL,-2.012098904237351,-1.5849705064378317,1
LKKLLKKLLKKLLKKLLKKLLKKL,-1.9334543213194213,-1.5063259235199016,1
LKKLLKKLLKKLLKKLLKKLLKKLLKKL,-1.8668912689194723,-1.4397628711199526,1
LKKLLKKLLKKLLKKLLKKLLKKLLKKLLKKL,-1.8091873475404672,-1.3820589497409472,1
LKKLLKLCKKLCKLAG,-1.6020599913279625,-1.0969100130080565,0
LKKLLKLDKKLLKLAG,-1.6020599913279625,-1.0,0
LKKLLKLEKKLLKLAG,-1.6020599913279625,-0.6989700043360189,0
LKKLLKLHKKLLKLAG,-1.6020599913279625,-0.3979400086720376,0
LKKLLKLKKKLLKLAG,-1.6020599913279625,-0.6989700043360189,0
LKKLLKLNKKLLKLAG,-1.6020599913279625,-0.3979400086720376,0
LKKLLKLPKKLLKLAG,-1.6020599913279625,-0.6989700043360189,0
LKKLLKLQKKLLKLAG,-1.6020599913279625,-0.3979400086720376,0
LKLKLKLKLKLKLK,-2.3417151698191745,-1.496037684112683,0
LKLKLKLKLKLKLKLK,-1.983266427325116,-1.8071751682694344,0
LKLKLKLKLKLKLKLKLK,-2.233590246503148,-1.6303705896479463,0
LKLKLKLKLKLKLKLKLKLK,-1.887160167629052,-1.9151888912292951,0
LKLKLKLKLKLKLKLKLKLKLK,-1.9709988622094383,-1.669968866545457,0
LKLKLKLKLKLKLKLKLKLKLKLK,-1.9334543213194213,-1.5063259235199016,0
LKLSPKTKKTLKKVLKGAIKGAIAIASMA,-0.3979400086720376,-0.3979400086720376,0
LKWLKWG,-2.1072099696478683,-2.1072099696478683,0
LLGDFFRKAREKIGEEFKRIVQRIKDFLRNLVPRTES,-1.3424226808222062,-1.0910804693473326,1
LLLFLLKKRKKRKY,-0.3355030014730098,-0.9375629928009718,1
LLLGIKYKKIGANNFREVKK,-2.1072099696478683,-2.1072099696478683,0
LLRRVAGLLKQFAK,-0.9964848613776306,-0.394424870049668,0
LLRRVARLLKRFAK,-0.6624923949397248,-0.0604324036117623,0
LLSLALAALPKLFCLIFKKC,-1.0969100130080565,-1.3979400086720375,0
LLSNVAGLLKQFAK,-1.930594601904515,-0.7264746192485899,0
LNLKGIFKKVASLLT,-1.5185139398778875,-0.7781512503836436,0
LNLKGLFKKVASLLT,-1.7781512503836436,-1.4771212547196624,0
LNLKGLIKKVASLLN,-1.7781512503836436,-1.4771212547196624,0
LNWGAFLKHFFK,-1.806179973983887,-1.2041199826559248,1
LNWGAIKKHIIK,-2.1072099696478683,-2.1072099696478683,0
LNWGAVLKHVVK,-2.1072099696478683,-1.806179973983887,0
LNWGAWLKHWWK,-1.806179973983887,-1.806179973983887,1
LNWKAILKHIIK,-2.1072099696478683,-1.2041199826559248,1
LPRRNRWSKIWKKVVTVFS,-0.9750194833683428,-1.300873062757356,0
LPRRNRWSKIWKKVVTVFS,-1.619631825381769,-1.300873062757356,0
LRHKVYGYCVLGP,-1.6287020861214423,-1.6287020861214427,0
LRHKVYGYCVLGP,-1.6287020861214423,-1.6287020861214427,0
LRLKKYKVPQL,-2.806179973983887,-1.9822712330395684,0
LRLRLRLRLRLRLR,-2.294497004486101,-1.3879186896483358,0
LRLRLRLRLRLRLRLRLR,-1.8852369392606625,-1.7091456802049814,0
LRRAARWARRLLRR,-0.2310844598154465,-1.1307139146978848,0
LRRLLRWLRRLLRR,0.1027657822154267,-1.1020496281021492,1
LRRPPRWPRRLLRR,-0.8117256147343704,-1.1127556103983518,0
LRWLRWG,-2.1072099696478683,-2.1072099696478683,0
LVQRGRFGRFLKKVRRFIPKVIIAAQIGSRFG,-1.085468969886672,-0.4722687519252503,0
LVQRGRFGRFLRKIRRFRPKVTITIQGSARF,-0.1139433523068367,-0.3010299956639812,1
LVTLVFVGGGWKWKWENGKWKWKW,-2.1072099696478683,-1.806179973983887,0
LVTLVFVGGGWKWKWKNGKWKWKW,-1.505149978319906,-0.6020599913279624,0
MDKYIRKEDLGMKMLDVAKILGRRIEKRMEYIAKK,-1.4766609362446128,-1.4766609362446128,0
MGIIAGIIKVIKSLIEQFTGK,-1.806179973983887,-2.1072099696478683,1
MGIINTLQKYYCRVRGGRCAVLSCLPKEEQIGKCSTRGRKCCRRKK,-0.6989700043360189,-0.6989700043360189,0
MGIINTLQKYYCRVRGGRCAVLSCLPKEEQIGKCSTRGRKCCRRKK,-1.0825308089886967,-0.6989700043360189,0
MITISTMLQFGLFLIALIGLVIKLIELSNKK,-1.2730012720637376,-1.5740312677277188,0
MKTFLRLYRSLINKVLH,-0.8752072380106963,-0.273147246682734,0
MLCKLSMFGAVLGVPACAIDCLPMGKTGGSCEGGVCGCRKLTFKILWDKKFG,0.638899779651677,0.6388997796516762,0
MMRVMRRKTKVIWEKKDFIGLYSID,0.006234126573397,0.0062341265733972,0
MRIGLRFVLM,-2.015329398743032,-1.7654519255264334,1
MSLLERKLLMHFLRV,-0.9284920886783296,-1.7066433390619733,1
NALSMPRNKCNRALMCFG,-0.7901777209182782,-1.3922377122462406,0
NALSSPRNKCDRASSCFG,-0.5141422775339035,-1.4172322645258475,0
NGNLLGGLLRPVLGVVKGLTGGLGKK,-2.2956694856627893,-1.392579498670845,0
NKGLAKLLKIGLKALESVIQ,-1.3010299956639813,-0.3010299956639812,0
NLCASLRARHTIPQCRKFGRR,-1.193820026016113,-1.0969100130080565,0
NLLNDALGTVNGLLGRS,-1.505149978319906,-1.806179973983887,0
NLLNKALGTVNGLLGRS,-1.505149978319906,-1.806179973983887,0
NLSASLRARHTIPQSRKFGRR,-1.449092531119419,-0.7993405494535817,0
NLVSALIEGRKYLKNVLK,-1.7936661027802727,-1.7936661027802725,0
NLVSALIEGRKYLKNVLKKLNRLKEKNKAKNSKENN,-1.785311581963349,-1.2801616036434431,0
NLVSGLIEARKYLEQLHRKLKNCKV,-1.349180358996378,-1.0610753236297918,1
NPEKALEKLIAIQKAIKGMLNGWFTGVGFRRKR,-2.1072099696478683,-1.505149978319906,0
NRFTARFRRTPWRLCLQFRQ,-1.4404214442699417,-1.5585207563479362,0
NVLKKLNRLKEKNKAKNSKENN,-2.292461475729429,-2.292461475729428,0
NWRKILGQIASVGAGLLGSLLAGYE,-1.286176731694438,-1.2861767316944377,1
NYISFFRKCKNSQST,-1.5453844670615886,-1.5453844670615882,0
PHVALKPGKLKFIIPSPKRPVKLLSG,-1.6020599913279625,-1.0,0
PHVALKPGKLKFIIPSPKRPVKLLSGGNTLHLVSTTKT,-1.6020599913279625,-1.0,0
PIMYKVPLIRKKSLRRTLSERGLLKDPFLKKHNLNPARKYFPQWKAPTL,-0.5916210382133191,-0.7958800173440752,0
PIRTKRRWKLIKKGGKIVKDLLTKNNIIILPGGNE,-0.5015976379841864,-1.2933654201463087,0
PKLKFLSKWIG,-2.187520720836463,-2.187520720836463,0
PKLKTFLSKWIG,-2.0293837776852097,-2.0293837776852097,0
PKLLKFLKWIG,-0.9030899869919436,-1.4913616938342726,1
PKLLKFLSKWIG,-1.146128035678238,-1.380211241711606,1
PKLLKKFLKKWIG,-1.1139433523068367,-1.380211241711606,1
PKLLKTFLSKWIG,-0.5140248834018317,-0.66015291908007,1
PKLLKTFLSKWKKIG,-1.230448921378274,-1.3424226808222062,1
PKVTITIQGSARF,-1.505149978319906,-1.505149978319906,0
PPCRGIFCRRVGSSSAIARPGKTLSTFITV,-0.9825425823029432,-0.5774917998372253,0
QAAKKMSNKEKAAKRWIAMR,-2.1072099696478683,-2.1072099696478683,0
QCRRLCYKQRCVTYCRGR,-0.1583624920952496,0.3187587626244128,1
QCRRLCYKQRCVTYCRGR,-0.1583624920952496,0.3187587626244128,0
QDGMYQRFLRQHVHPEETGGSDRYSNLMMQRRKMTLYHSKRFNTFIH,0.5228787452803376,0.5228787452803376,1
QDNSRYTHFLTQHYDAKPQGRDDRYSESIMRRRGLTSPSKDINTFIH,-1.0,-1.0,0
QKRPRVRLSA,-2.1072099696478683,-1.9311187105921872,0
QLKVDLWGTRSGIQPEQHSSGKSDVRRWRSRY,0.1834624739231561,-0.5946887764604876,0
QLKVDLWGTRSGIQPEQHSSGKSDVRRWRSRY,0.1834624739231561,-0.5946887764604876,0
QQCRRPLYCRRR,-1.3979400086720375,-1.3979400086720375,0
QQCRRPLYCRRRKALAALAKKIL,-0.4913616938342727,-0.4913616938342727,0
QQCRRPLYCRRRKALAALAKKILWSHPQFEK,-0.4913616938342727,-0.4913616938342727,0
QQCRRPLYCRRRWSHPQFEK,-1.3979400086720375,-1.3979400086720375,0
RAGLKFPVGRVHRLLR,-0.9084850188786496,-0.9822712330395684,0
RAGLQWPIGRLLRRLLRRLLR,0.4171744443940616,0.4171744443940616,0
RAVIYKIPYNAIASRWIIAPKKC,-2.0,-1.3783979009481375,0
RCPGHTRQIGTSFGPRVKSCRKW,-1.380211241711606,-0.6989700043360189,0
RECRIGNGQCKNQCHENEIRIAYCIRPGTHCCLQQ,-1.1856836579621326,-1.1856836579621313,0
RFARRFARRFARRFARRFARRFAR,-1.1620650056875317,-1.1620650056875304,1
RFARRFARRFARRFARRFARRFARRFAR,-1.7010157675491826,-1.100112353421162,1
RFARRFARRFARRFARRFARRFARRFARRFAR,-1.6432859292290742,-1.0423825151010535,1
RFCVYAYVRVRGVLVRYRRCF,-0.3979400086720376,-0.0,1
RFGRFLRKILRFLKK,-0.9077887352824822,-0.907788735282482,1
RFGRFLRKILRFLLK,-1.2121271681176868,-1.2121271681176875,1
RFGRFLRKILRFLRK,-1.2027126540262325,-0.600652662698271,1
RFGRFLRKIRRFRPKVTITIQGSARF,-0.561603653906971,-0.2896691600892065,1
RFRLPFRRIHPPPFVRIHPPPFYRRFL,-0.90759048821862,-0.6532125137753437,0
RFRLPFRRIHPPPFVRIHPPPFYRRFL,-0.90759048821862,-0.6532125137753437,0
RFRLPFRRPPIRIHPPPFYPPFRRFL,-1.1712387562612685,-0.4771212547196624,0
RFRLPFRRPPIRIHPPPFYPPFRRFL,-1.1712387562612685,-0.4771212547196624,0
RFRLPFRRPWPIRIHPPPFYPWPFRRFL,-0.7403626894942439,-0.6020599913279624,0
RFWPVVIRTVVAGYNLYRAIKKK,0.374858561430551,-0.8517809268498566,1
RGGCLCYCRRRFCVCVCR,0.1396619934290063,-0.0170333392987803,0
RGGRLCYCRRRFCVCVGR,0.3767507096020995,-0.4632469839120856,1
RGGRLCYCRRRFCVCVGR,0.3767507096020995,-0.4632469839120856,1
RGKRWWRRKK,-1.7481880270062005,-1.4471580313422192,0
RGKRWWRRKK,-1.7481880270062005,-1.4471580313422192,0
RGLFKKLARKIKKGFKK,-1.0131478968072671,-0.6611712054684336,0
RGLFKKLLRKIKKGFKK,-0.7031760481961149,-0.3513023068356928,0
RGTCYNRVGLIIRNFSKLKGKKV,-1.6989700043360187,-1.3424226808222062,0
RIGVLLARLPKLFSLFKLMGKKV,-1.6020599913279625,-0.3979400086720376,1
RIGVLLARLPKLFSLFKLMGKKV,-1.1760912590556811,-0.3979400086720376,1
RIIDLLARVRRPQKPKFVTVWVR,-0.494850021680094,-0.494850021680094,0
RIIDLLWRVRRPQKPKFVIVWVR,2.075494550929718,-0.6234754534063016,0
RIIDLLWRVRRPQKPKFVTVAVR,-0.7958800173440752,-0.7958800173440752,0
RIIDRLWRVRRPQKPKFVIVWVR,2.3827616028414385,-0.3162084014945859,0
RIIDRLWRVRRPQKPKFVTVWVR,2.079993398602181,-0.618976605733841,0
RIKRFWPVVIRTVVAGYNLYRA,-1.4472205117034025,-0.2431468513217372,0
RIKRFWPVVIRTVVAGYNLYRAI,-1.1282179529791885,-0.5261579616512257,0
RIKRFWPVVIRTVVAGYNLYRAIK,-0.3817680023815875,0.0953532523380744,0
RIKRFWPVVIRTVVAGYNLYRAIKK,-0.4880007285983959,-0.0620783186003734,0
RIKRFWPVVIRTVVAGYNLYRAIKKK,-0.1613680022349748,-0.2363692883742801,0
RILTMTKRVKMPQLYKQIVCRLFKTC,-1.1939528182818284,-1.4949828139458106,0
RIRFPWPWRWPWWPRFRG,-0.9661417327390326,-0.7781512503836436,0
RIRFPWPWRWPWWRRVRG,0.5228787452803376,-1.0969100130080565,1
RIRWILRYWRWS,-0.7923916894982539,-0.5118833609788744,1
RISFKKGKGSWIKNGLIKGIKGLGKEISLDVIRTGIDIAGCKIKGEC,0.2218487496163563,-0.6989700043360189,0
RIWKIWWKR,-1.845019629795628,-1.6689283707399465,0
RKCNFLCKLKEKLRTVITSHIDKVLRPQG,-0.488576008571588,-0.0989603030981016,0
RKGSRMGKKCECP,-1.6020599913279625,-0.3222192947339193,1
RKGWFKAMKSIAKFIAKEKLKEHL,-0.8920946026904804,-1.3979400086720375,0
RKHGFLNLQGIFGDYYHFWHRGV,-2.0,-0.6020599913279624,0
RKKRRQRRR,-2.709269960975831,-2.4082399653118496,0
RKKRRQRRRCWTKSIPPKPC,-2.2833012287035497,-2.1072099696478683,0
RKLDLKLDLKLDL,-1.3979400086720375,-1.4771212547196624,0
RKRWWWWFR,-0.2990777199018638,-0.725046452174146,0
RKSKEKIGKEFKRIVQRIKDFLRNLVPRTES,-1.0791812460476249,-0.9030899869919436,0
RKWVAWRNR,-1.6915718503674924,-1.9926018460314727,0
RKYVRFLHRWVKYFRAYL,-0.8662873390841949,-0.8662873390841949,0
RLARIVVIRVAR,-1.0776166122463016,-1.0776166122463031,0
RLCRIWWIRWCR,-1.3010299956639813,-0.4771212547196624,0
RLEKLFSKIQNDK,-2.0,-2.0,0
RLGDILQKAREKIEGGLKKLVQKIKDFFGKFAPRTES,-1.3010299956639813,-1.0910804693473326,0
RLGNFFRKVKEKIGGGLKKVGQKIKDFLGNLVPRTAS,0.3605504911367119,-0.2532572138679805,1
RLKELITTGGQKIGEKIRRIGQRIKDFFKNLQPREEKS,-1.6466977312993345,-0.0453229787866574,0
RLKKWMQKVIDRFGG,-2.1072099696478683,-1.9822712330395684,0
RLRKAVRLIK,-0.8750612633917001,-0.6989700043360189,0
RLVRILVSKRPVAIKPYFRL,-1.3634733649024475,-0.7781512503836436,0
RLWKRWWIR,-1.8362394973281089,-1.6601482382724275,0
RMKLNAKKLSFC,-1.6481784581970338,-1.6481784581970336,0
RNCTWLFSTKLKLPA,-2.3520975078584883,-2.051067512194506,0
RNFFKRIRRAGKRIRKAIISAAPAVETLAQAQKIIKGGD,-0.6989700043360189,-0.0969100130080564,0
RPLNFKMLRFWGQQQCRRPLYCRRR,-0.4913616938342727,-0.4913616938342727,0
RPLNFKMLRFWGQQQCRRPLYCRRRWSHPQFEK,-0.7993405494535817,-0.7993405494535817,0
RPPQFTRAQWFAIQHISLN,-1.0,-1.0,1
RPPQFTRAQWFAIQHISLNPPRSTIAMRAINNYRWRSKNQNTFL,0.3010299956639812,0.3979400086720376,1
RPPQFTRAQWFAIQHISLNPPRSTIAMRAINNYRWRSKNQNTFLR,0.2076083105017461,0.2076083105017461,1
RPRCWIKIKFRCKSLKF,-0.6278557258075474,-1.3265941681642588,0
RQIKIWFQNRRMKWKK,-1.7075701760979365,-1.7075701760979365,0
RQKDKRPYSERKNQYTGPQFLYPPERIPP,-0.5240852369153354,-0.3479939778596546,0
RRFKLLSHSLLVTLASHL,-0.3504830588187336,-0.1743917997630533,0
RRFPWWWPFRR,-0.3741820754844482,-0.9762420668124108,1
RRFPWWWPFRR,-0.55027333454013,-0.9762420668124108,1
RRFRPKVTITIQGSARF,-0.5314789170422551,-0.8450980400142568,0
RRGCFRVCYRGFCFQRCR,-0.9542425094393248,0.6020599913279624,1
RRGLFKKLRRKIKKGFKKIFKRLPPVGVGVSIPLAGRR,-1.4962510101406228,-1.2283531289936498,0
RRIFKRLFKYLRRF,0.3009118080553015,-0.0001181876086793,0
RRIPFWPPNLPGPRRPPWFLPDFRIPRIPRKR,-1.6812412373755872,-0.6812412373755872,0
RRIRFPFPPFPWQWPPAGFPTFHIPRIPRKQ,-1.6020599913279625,-1.2833012287035497,0
RRIRFRPPRLPRPRPRPWIPPRFPFPRIPGKR,-1.0,-0.0,0
RRIRIRPPRLPRPRPRPWFPPRFPIPRIPGKR,-1.0,0.0457574905606751,0
RRIRRPRLPRPRVPRPRIPPRI,-1.3424226808222062,-0.6154239528859439,0
RRKLDLKLDLKLDL,-0.9030899869919436,-1.0,0
RRLRPRRPRLPRPRPRPRPRPR,-1.1613680022349748,-1.1687920203141815,0
RRPRPRPRPFFFFF,-1.0,-1.3010299956639813,0
RRRKLDLKLDLKLDL,-0.6989700043360189,-0.7781512503836436,0
RRRRKLDLKLDLKLDL,-0.6901960800285137,-0.6901960800285137,0
RRRRRRRRRGGGGIGKWLHSAKKFGKAFVGEIMNS,-0.9030899869919436,-0.4771212547196624,0
RRRRRRRRRGGGKWKKLLKKPLKLLKK,-0.6020599913279624,-0.4771212547196624,0
RRRRRRRRRRGIGKFLHSAKKFGKAFVGEIMNS,-0.7927692373968538,0.1110161772567413,0
RRRRRRRWWWWW,-1.195016682755447,-1.4960466784194286,1
RRRRRRRWWWWWW,-0.8560928062817045,-1.458152797609667,1
RRRRRRRWWWWWWW,-0.52021160744761,-1.1222715987755725,1
RRRRWWWW,-1.220124645278965,-1.4597964200182283,1
RRRRWWWW,-1.1130089337935722,-1.4597964200182283,1
RRRRWWWW,-0.459796420018228,-1.4597964200182283,1
RRRRWWWWW,-1.0071683444458797,-1.3081983401098602,1
RRRWWWWL,-0.6020599913279624,-0.4771212547196624,1
RRSKARGGSRGSKMGRKDSKGGSRGRPGSGSRPGGGSSIAGASRGDRGGTRNA,-1.423955461006592,-0.5459253293558428,0
RRSRFGRFFKKVRKQLGRVLRHSRITVGGRMRF,-1.4033033792359488,-0.156372459939286,0
RRWCFRVCYKGFCYRKCR,-0.3521825181113625,1.5086383061657274,0
RRWCFRVCYRGFCYRKCR,-0.3521825181113625,1.207608310501746,1
RRWKIVVIRWRR,0.1549019599857432,-0.1461280356782379,0
RRWQWRLCYCRRRFCVCVG,-0.4970494473559484,-0.6219881839642484,0
RSFIFGCTKSIPPICFVGFK,-1.824348682037088,-1.824348682037088,0
RSGGYCNGKRVCVCR,-1.5763105790650995,-1.479400566057043,0
RSICCSFPDPWGGLCCEDHCSYIGKPGGQCSDKGVCTCN,-0.2873857230132621,-1.190475710005206,0
RSKKWRKIEKRVKKIFEKTKEALPVIQGVATIVGAVGR,-1.0605583981891964,0.1442570121283802,1
RSPRVCIRVCRNGVCYRRCWG,-0.6020599913279624,0.6020599913279624,0
RSVIFGCTKSIPPICFVGFK,-1.8337319306263755,-1.8337319306263755,0
RSVIFGCTKSKIPPICFVGFK,-1.8091360056808468,-1.6330447466251656,0
RVCFRVCRNGVCYRRCW,-0.6020599913279624,0.6020599913279624,0
RVCIRVCRNGVCYRRCW,-0.6020599913279624,0.4259687322722811,0
RVKRVWKLVIRLVKALYKLYRAIKKK,-0.2787536009528289,-0.8808135922807914,1
RVKRVWPLVIRTVIAGYNL,-1.2041199826559248,-1.2041199826559248,0
RVKRVWPLVIRTVIAGYNLYRAI,-0.041392685158225,-0.6532125137753437,1
RVKRVWPLVIRTVIALYNLYRAIKKK,-0.3010299956639812,-0.8920946026904804,1
RVKRVWYLVIRTVIAGYNLPRAIKKK,-0.9030899869919436,-0.6020599913279624,0
RVMFKWA,-0.9312753628033652,-1.232305358467347,0
RVQGRWKVRASFFKEAAAKEAAAKGFAWNVCVYRNGVRVCHRRAN,-1.0930316923287529,-0.3660329643924901,0
RVQGRWKVRASFFKGGGGSGFAWNVCVYRNGVRVCHRRAN,-0.5470478966719026,-0.3429279140159781,0
RVRRFWPLVPVAINTVAAGINLYKAIRRK,-0.010723865391773,-0.8129133566428556,0
RVVRQWPIGRVVRRVVRRVVR,0.2458764180238699,0.5469064136878511,0
RVVRQWPIGRVVRRVVRRVVRF,0.1444786056035193,-0.1565513900604616,0
RVVRQWPIGRVVRRVVRRVVRY,0.1469625213265226,-0.1540674743374583,0
RWCFRVCYRGICYRKCR,-0.6283889300503115,1.207608310501746,1
RWCFRVCYRGICYRKCR,-0.6283889300503115,1.207608310501746,0
RWCFRVCYRGICYRKCRG,-0.8129133566428556,-0.5740312677277188,1
RWCGYAYVRVRGVLVRYRRCW,-0.7958800173440752,-0.4955443375464484,0
RWCRYAYVRVRGVLVRYRRCW,-1.3979400086720375,-0.4955443375464484,0
RWCSYAYVRVRGVLVRYRRCW,-1.6989700043360187,-0.7958800173440752,0
RWCVRARVRGVRYRRCW,-0.1931245983544616,-0.1931245983544616,0
RWCVYARRRGVRYRRCW,-0.4955443375464484,-0.4955443375464484,0
RWCVYARVRGRRYRRCW,-0.4955443375464484,-0.4955443375464484,0
RWCVYARVRGVRYRRCR,-0.4955443375464484,-0.4955443375464484,0
RWCVYARVRGVRYRRCW,0.0915149811213502,-0.0086001717619175,0
RWCVYAYSRVRGVLVRYRRCW,-0.4955443375464484,0.0969100130080563,0
RWCVYAYVRVAGVLVRYRRCW,-0.8962505624616381,-0.9542425094393248,0
RWCVYAYVRVRGVLRRYRRCW,-1.0969100130080565,-0.1931245983544616,0
RWCVYAYVRVRGVLSRYRRCW,-0.7958800173440752,-0.1931245983544616,0
RWCVYRYVRVRGVLVRYRRCW,-1.6989700043360187,-0.7958800173440752,0
RWKIFKKIEKMGRNIRDGIVKAGPAIEVLGSAKAIGK,0.610649731381453,-0.5934702512744717,0
RWKIFKKIEKMGRNIRDGIVKAGPAIEVLGSAKAIGK,0.610649731381453,-0.5934702512744717,0
RWKIFKKIEKMGRNIRDGIVKAGPAIEVLGSAKAIGK,-2.088320272954566,-0.5934702512744717,0
RWKIFKKIEKMGRNIRDGIVKAGPAIEVLGSAKAIGK,-2.088320272954566,-0.5934702512744717,0
RWKIFKKIEKVGRNVRDGIIKAGPAVAVVGQAATVVKG,-0.9030899869919436,-0.6020599913279624,0
RWKKWWRWL,-0.4422737511767971,-1.04433374250476,0
RWKRWWRWI,-0.6100246075649707,-1.0359933398372518,0
RWRFKWWKK,-1.4215267168695238,-1.4215267168695236,0
RWRRFWRR,-0.7958800173440752,-1.6989700043360187,0
RWRWRWK,-1.5652573434202135,-1.255272505103306,0
RYRRKKKMKKALQYIKLLKE,-2.544068044350276,-1.3424226808222062,0
SAVGRHLRRFGLRKHRKH,-0.9722028383790644,-2.0,0
SAVGRHLRRFLLRKHRKH,-0.4955443375464484,-2.0,0
SAVLRHLRRFLLRKHRKH,-0.1931245983544616,-2.0,0
SAVWRHWRRFWLRKHRKH,-0.7958800173440752,-0.7958800173440752,0
SAVWRRWRRFWLRKRRKR,-0.7958800173440752,-0.7958800173440752,0
SAVWRWRRFWLRKRK,-0.4955443375464484,-0.4955443375464484,0
SFKKFWGGVKAIFKGARKGWK,-1.3117538610557542,-0.0,1
SFLDKFKDVAIGVAKGAGTGVLKALLCKLDNSC,-2.1760912590556813,-1.2741578492636798,0
SFLGEWLFVTRKAKRKHKHA,-2.1072099696478683,-2.1072099696478683,0
SFLTTVKKLVTNLAALAGTVIDTIKCKVTGGC,-2.133538908370217,-1.505149978319906,1
SFLTTVKKLVTNLAALAGTVIDTIKCKVTGGCRT,-1.0791812460476249,-0.9030899869919436,1
SGKLCCRRKK,-2.0,-1.7520484478194385,0
SGKLCCRRKK,-2.0,-1.7520484478194385,0
SGKLWWRRKK,-1.8750612633917,-1.7242758696007892,0
SGKLWWRRKK,-1.8750612633917,-1.7242758696007892,0
SGKLYYRRKK,-2.0,-1.7481880270062005,0
SGKLYYRRKK,-2.0,-1.7481880270062005,0
SGKRWWRRKK,-1.8750612633917,-1.4471580313422192,0
SGKRWWRRKK,-1.8750612633917,-1.4471580313422192,0
SIFSLFKMGAKALGKTLLKQAGKAGAEYAACKATNQC,-0.6020599913279624,-1.0791812460476249,1
SIFSLFKMGAKALGKTLLKQAGKAGAEYAACKATNQC,-0.6020599913279624,-1.0791812460476249,1
SIGRRGGYCAGIIKQTCTCYR,-0.3010299956639812,-0.3010299956639812,0
SIITMTKEAKLPQLWKQIACRLYNTC,-0.6912700952216866,-1.293330086549649,0
SIITMTKEAKLPQSWKQIACRLYNTC,-0.6949951867199801,-1.2970551780479425,0
SILDKIKNVALGVARGAGTGILKALLCKLDKSC,-0.5797835966168101,-1.4771212547196624,0
SILSLFKMGAKALGKTLIKQAGKAGAEYVACKATNQC,-0.6532125137753437,-1.1760912590556811,1
SILSLFKMGAKALGKTLIKQAGKAGAEYVACKATNQC,-0.6532125137753437,-1.1760912590556811,1
SIPCGESCVFIPCTVTALLGCSCKSKVCYKN,-2.430558769522757,-2.399284239083639,0
SIRDKGKTIAIDLAKSAGTGVLKTLMCKLDKSC,-0.4601533735431666,-0.460153373543166,0
SIRDKIKTIAIDLAKSAGTGVLKTLICKLDKSC,-0.1265824578126856,-0.8533496237696416,0
SIRDKIKTMAIDLAKSAGTGVLKTLICKLDKSC,-0.5500897735576433,-0.453179760549587,0
SISLL,-2.19788321199714,-2.235373853997371,0
SISLLYGRKKRRQRRR,-1.0408590635024018,-1.0141248102551583,0
SKHWLWLW,-1.1133780286839914,-1.937286769628312,1
SKTKRRSLLKRLGDGIRGFWNGFRGRK,-0.9432704801066976,-1.440595120914647,0
SKVGRHGRRFGHRAHRKL,-2.0,-2.0,0
SKVGRHLRRFGHRAHRKL,-1.0969100130080565,-2.0,0
SKVGRHLRRFLHRAHRKL,-0.3692158574101428,-2.0,0
SKVLRHLRRFLHRAHRKL,-0.3692158574101428,-2.0,0
SKVWRHWRRFWHRAHRKK,-0.5865873046717549,-0.7958800173440752,0
SKVWRHWRRFWHRAHRKL,-0.4955443375464484,-0.7958800173440752,0
SLFGTFAKMALKGASKLIPHLLPSRQQ,-0.0,-0.4771212547196624,1
SLFSIFKTAAKFVGKNLLKQAGKAGLETLACKAKNEC,-0.9542425094393248,-1.8750612633917,0
SLGNFFRKARKKIGEEFKRIVQRIKDFLQHLIPRTEA,-1.1856365769619106,-1.066946789630613,1
SLLSLIRKLIT,-1.6020599913279625,-2.0791812460476247,0
SLLSLIRKLIT,-1.6020599913279625,-2.0791812460476247,1
SLSRYAKLANRLANPKLLETFLSKWIG,-1.1631670576706343,-0.6860458029509713,1
SLWENFKNAGKKFILNILDKIRCRVAGGCRT,-1.505149978319906,-1.271066772286538,0
SLWETIKNAGKGFILNILDKIRCKVAGGCKT,-0.4848071571917811,-1.8750612633917,1
SLWETIKNAGKGFILNILDKIRCKVAGGCKT,-1.8750612633917,-1.8750612633917,1
SMLAVLKNLGKVGLGFVACKINKQC,-2.0,-1.0,0
SMLGVLKNLGKVGLGFVACKINKQC,-2.3010299956639813,-1.6020599913279625,0
SMLKVLKNLGKVGLGFVACKINKQC,-1.3010299956639813,-1.0,0
SMLSVLKKLGKVGLGFVACKINKQC,-1.0,-0.7501225267834001,0
SMLSVLKNLEKVELEFVACKINKQC,-2.3010299956639813,-2.3010299956639813,0
SMLSVLKNLGKVGLGFVA,-2.3010299956639813,-2.3010299956639813,0
SMLSVLKNLGKVGLGFVAAKIAKQA,-2.0,-1.3010299956639813,0
SMLSVLKNLGKVGLGFVACKIKKQC,-1.3010299956639813,-1.0,1
SMLSVLKNLGKVGLGFVACKINKKC,-1.6020599913279625,-1.0,1
SMLSVLKNLGKVGLGFVASKINKQS,-2.0,-1.3010299956639813,0
SMLSVLKNLGKVGLGFVKCKINKQC,-1.3010299956639813,-1.0,0
SMLSVLKNLGRVGLGFVACKINKQC,-2.0,-1.3010299956639813,0
SMLSVLKNLKKVGLGFVACKINKQC,-2.3010299956639813,-2.3010299956639813,0
SMLSVLKNLKKVKLKFVACKINKQC,-2.3010299956639813,-2.3010299956639813,0
SMLSVLRNLGKVGLGFVACKINKQC,-2.0,-1.3010299956639813,0
SPAIWGCDSFLGYCRLACFAHEASVGQKECAEGMLCCIPNVF,0.1788080573122467,-0.4232519340157153,0
SPRVCIRVCRNGVCYRRCW,-0.9030899869919436,0.2041199826559248,0
SPRVCIRVCRNGVCYRRCWG,-0.9030899869919436,0.5051499783199059,0
SQRKLAAKLTSKGGGRLLRPLLQLLKQKLR,-0.3010299956639812,-0.0,0
SRDSRPVQPRVQPPPPPPKQKPSIYDTPIRRPGGRKTMYA,-2.709269960975831,-2.2833012287035497,0
SRSEKAGLQFPVGRIGRMLKK,-0.823908740944319,-0.6989700043360189,0
SRSSRAGLQFPVGRIHRLLRK,-1.6989700043360187,-1.6989700043360187,0
SVAGRAMRIGLRFVLM,-1.5564415434006804,-1.5564415434006804,0
SVAGRAQGM,-1.9605894008048188,-1.971313266196592,0
SVIFGCTKSIPPICFVGF,-1.893849665989653,-1.8938496659896529,0
SVIFGCTKSIPPICFVGFK,-1.8657180196741847,-1.8657180196741856,0
SVIWRKLFFIFIKRSGNWIKKVEKRQNLL,-1.3010299956639813,-1.255272505103306,1
SVKKFWGGVKAIFKGARKGLK,-1.5563025007672873,-0.6989700043360189,0
SWKSMAKKLKEYMEKLKQRA,-1.7120596544534616,-1.7120596544534612,0
SWKSMAKKLKEYMEKLKQRA,-1.7120596544534616,-1.7120596544534612,1
SYEKKINRHFKILKKNLKKK,-0.798587067921243,-1.099617063585224,0
TESYFVFSVGM,-2.12787188100827,-2.127871881008271,0
THVFRLKKWMQKVIDRFGG,-1.505149978319906,-1.0791812460476249,0
TIAMRAINNYRWRSKNQNTFLR,-0.1760912590556812,-0.8450980400142568,1
TLLKKVLKAAAKAALNAVLVGANA,-1.0270811939939302,-0.4250212026659685,1
TPFLLVGTQIDLR,-0.0791812460476248,-0.380211241711606,0
TRGRWGRFKRRAGRFIRRNRWQIISTGLKLIG,-0.4464413860091403,-0.3796269023907931,0
TRSRWRRFIRGAGRFARRYGWRIALGLVG,-0.729919574989812,-0.7299195749898122,1
TRWLWLLRGGLKAAGWGIRAHLNRNQ,-1.564611781845078,-0.4886065195864599,1
TSRCIFYRRKKCS,-1.862233025091292,-1.26017303376333,1
TSRCYIGYRRKVVCS,-1.2909466828823348,-0.9899166872183542,0
TTSIRRRYQVSLIRRHRGKR,-1.2386280733067063,-1.380211241711606,0
TWLPAVIKIQAHWRGYRQRKIYL,-0.2192288694514275,-0.2938624877483328,0
VAEARQGSFSY,-0.7953489688195515,-1.2725657043534724,0
VALTGLTVAEYFR,-0.5910646070264992,-0.7671558660821804,0
VDQTVFKDIWWRMKQWKQRVKKRAAKYNV,-0.5243421515477403,-0.5243421515477402,0
VFRLKKWMQKVIDRFGG,-1.505149978319906,-0.6020599913279624,0
VGALAGFLYWHFLRKGTKMVGK,-2.0,-1.110589710299249,1
VGGTICGPACAVAGAHYLPI,-2.1072099696478683,-2.1072099696478683,0
VGKTWIKVIRGIGKSKIKWQ,-0.4471580313422192,-2.0,0
VGRKHSILNCIPYLKKKKIMRL,-1.3846874974291603,-0.4815975104372176,0
VHVPPICSHRECRK,-2.3010299956639813,-2.3010299956639813,0
VIPFVASVAAEMMQHIFCAASRKC,-0.8137836716070902,-0.4864247372207598,0
VKFAIKKIGKKAAKKVIVKA,-2.1072099696478683,-2.1072099696478683,0
VKKFPWWWPFLKK,-0.650188240123234,-0.9512182357872148,1
VKKFPWWWPFLKK,-0.650188240123234,-0.9512182357872148,0
VKRFKKFFRKLKKSV,-1.955361968922244,-1.3293242613568486,0
VKRFKKFFRKLKKSV,-1.955361968922244,-1.3293242613568486,0
VLPLLETCSMTCWENNQTFGK,-1.617123364986052,-1.6171233649860524,1
VLPLVGNLLNDLLGK,-1.8019189825115325,-1.8019189825115325,1
VNFKLLSHSLLVTLASHL,-0.9736326079919648,-0.7975413489362834,0
VNHGYRKVTLTKTVRIKKFM,-2.1072099696478683,-2.1072099696478683,0
VNWKKILGKIIKVVK,-1.6020599913279625,-0.5440680443502757,0
VNWKKILGKIIKVVK,-1.6020599913279625,-0.5440680443502757,0
VRFKLLSHSLLVTLASHL,-0.66352489600124,-0.66352489600124,0
VRRFAWWWAFLRR,-1.2379360432393105,-1.2379360432393098,1
VRRFAWWWAFLRR,-1.2379360432393105,-1.2379360432393098,1
VRRFPAAAPFLRR,-1.6139308597427808,-1.6139308597427813,0
VRRFPFFFPFLRR,-0.952446217206436,-0.6514162215424547,0
VRRFPFFFPFLRR,-0.952446217206436,-0.6514162215424547,0
VTCELLMFGGVVGDSACAANCLSMGKAGGSCNGGLCDCRKTTFKELWDKRFG,0.0315170514460648,-0.2695129442179163,0
VTLASHLPSDFTPAVHASLDKFLANVSTVLTSKYR,-1.6334684555795866,-1.9395192526186185,0
VWPLGLVICKALKIC,-0.2764446686108152,-0.9569915901200484,1
VWPLVIRTVIAGYNLYRAI,-0.3010299956639812,-1.2041199826559248,0
VWPLVIRTVIAGYNLYRAIKKK,0.2218487496163563,-0.6812412373755872,1
VWRRWRRFWRR,-0.4955443375464484,-0.4955443375464484,0
WCRRYRVLVRGVLVRYRRCW,-0.8603380065709937,-0.2218487496163564,1
WFKIIKK,-3.016720610497148,-3.016720610497148,0
WGHKLRSSWNKVKHAVKKGAGYASGACRVLGH,-0.7958800173440752,-0.5916210382133191,0
WGIHRILKYGKPS,-0.9030899869919436,-0.9030899869919436,0
WGIHRILKYGKPS,-0.9030899869919436,-0.9030899869919436,0
WGIRDILKYGKPS,-1.1760912590556811,-1.1760912590556811,0
WGIRDILKYGKPS,-1.1760912590556811,-1.1760912590556811,0
WGIRRILKYGKRS,-0.6020599913279624,-1.0,0
WGIRRILKYGKRS,-0.6020599913279624,-1.0,0
WIKIWKKIIKKWKK,-0.7781512503836436,-1.2820067583505508,0
WKKILSKIKKLLK,-0.4955443375464484,-0.4955443375464484,0
WKKVFKRLEKLFSKIWNWK,-0.290034611362518,-0.6707095952237971,1
WKWKWENGKWKWKW,-1.505149978319906,-0.3010299956639812,0
WKWKWK,-2.4082399653118496,-2.4082399653118496,0
WKWKWKNGKWKWKW,-0.6020599913279624,-0.3010299956639812,0
WLGALFKVASK,-1.913827383473384,-2.2148573791373645,0
WLGALFKVASKVL,-0.0482489082482298,-0.9410389386003606,1
WMQKVIDRFGG,-2.1072099696478683,-2.1072099696478683,0
WPKRLTKAHWFEIQHIQPSPLQSNRAMSGINNYTQHSKHQNTFLH,-0.6989700043360189,-0.0791812460476248,1
WPTSFT,-2.4771212547196626,-2.3010299956639813,0
WPVVIRTVVAGYNLYRAIKKK,-0.7545053178518817,-1.1804586088170943,0
WRRFWHR,-1.3979400086720375,-1.3979400086720375,0
WRRFWRR,-1.6989700043360187,-1.3979400086720375,0
WVILSKKIKRKKKENSDHQTKFSKKVKTKR,-0.9371346065610764,-1.84022459355302,0
WWWLKKIW,-0.829303772831025,-1.2730012720637376,1
WWWLKRIW,-1.0581728653231068,-1.2730012720637376,1
WWWLRKIW,-0.8613352388849426,-1.3979400086720375,1
WWWLRRIW,-0.9620139876491844,-1.3979400086720375,1
WWWLRRIW,-0.9620139876491844,-1.3979400086720375,1
WWWLRRRW,-0.6020599913279624,-1.380211241711606,1
YCSYTMEA,-2.45229099020207,-2.494547370338833,1
YGFYTHVFRLKKWMQKVIDRFGG,-0.6020599913279624,-0.6020599913279624,0
YGRKKRRQRRR,-1.2193838911509307,-1.1896606094823,0
YGRKKRRQRRR,-1.2193838911509307,-1.1896606094823,0
YGRKKRRQRRRSISLL,-0.9205976813267804,-1.0079992576210963,0
YKAWRWAWRWK,-0.78597787783109,-1.087007873495071,0
YKAWRWAWRWK,-0.78597787783109,-1.087007873495071,0
YNHNF,-2.4771212547196626,-2.1760912590556813,0
YPCKLNLKLGKVPFH,-1.5613712607168564,-1.5613712607168568,0
YPCKLNLKLGKVPFH,-1.5613712607168564,-1.5613712607168568,0
YVPPVQKPHPNGPKFPTFP,-2.12483014941386,-1.3673559210260189,0
YYHFWHRGVTKR,-1.4771212547196624,-1.6020599913279625,0
YYHFWHRGVTKRSLSPHRPR,-1.255272505103306,-0.7781512503836436,0
YYHFWHRGVTKRSLSPHRPRHSR,-0.6989700043360189,-0.6020599913279624,0
YYHFWHRGVTKRSLSPHRPRHSRLQR,-0.6989700043360189,-0.3010299956639812,0
