id,sequence,net_charge,muH,plddt,dist_nc,score,cyclic_candidate,cys_count,rank
seq_39,TTDASPTPPSGSPARPAASGRRL,0.32,0.9023887083599524,0.7988,37.44636,3.390743541799762,False,0,1
seq_7,DQQKIAILIDAENACQSRIDDVL,0.17391304347826086,0.5905876160788482,0.8065217391304347,37.730186,1.8029380803942412,False,1,2
seq_32,STCPSCCSPIRPHQRFFCS,0.13043478260869565,0.5818577891680605,0.7195652173913044,38.727547,1.6614628588837808,False,4,3
seq_27,YLLFVLIFISLFLVLLYSIKNKK,0.21739130434782608,0.5151180089136103,0.7934782608695655,39.268177,1.4234161315245735,False,0,4
seq_16,EIHLLKSLSNILKISDKEILDLL,0.21739130434782608,0.49308938108459166,0.6956521739130435,43.046345,1.2154469054229584,False,0,5
seq_48,SASSSQATAAAATAAAANAAATAAAN,0.09090909090909091,0.4615516827125834,0.7977272727272726,34.33389,1.1282129590174623,False,0,6
seq_20,HRTVRLAGASLAVLAAAAVPAAAGPAS,0.13043478260869565,0.4405511855370617,0.8817391304347827,33.482204,1.1171037537722648,False,0,7
seq_25,NRIVLLSFAILILACGSNKSNQ,0.08695652173913043,0.4024438608130142,0.7421739130434782,41.40915,0.7761323475433319,False,1,8
seq_0,PTDPRARLRHLLEQDAPLAVAVD,-0.043478260869565216,0.4070613114196092,0.7378260869565217,30.248642,0.7622630788371767,False,0,9
seq_37,SKILIIEDEKDLRELLKYNLEFYGYES,0.20833333333333334,0.3771549796059792,0.7995833333333332,47.7223,0.7374415646965624,False,0,10
seq_24,SEGESGSSGDSNSSSGSSSNSSSSN,-0.11538461538461539,0.39767951277961494,0.7073076923076924,53.059204,0.6668591023596133,False,0,11
seq_36,ERHITHHKSIHTNRKHTKQ,0.125,0.3462801841049201,0.8070833333333334,37.05503,0.5697342538579342,False,0,12
seq_9,KTKSILSISLLLLCLFFSCTSQEKQE,0.045454545454545456,0.3125383431682902,0.7959090909090908,34.402008,0.3699644431141782,False,2,13
seq_6,SASSGEPSRKRPRLSDTLSSDSG,0.09523809523809523,0.31115435715775375,0.7638095238095237,35.61917,0.34339083340781595,False,0,14
seq_29,TSPLSLSALLRPRWLLLPALVLGAC,0.22727272727272727,0.3125370002107701,0.705,44.46769,0.32450318287203217,False,1,15
seq_5,SSSPDLAELRQKLLADPAVSEAVL,0.12,0.28651235607059533,0.7464,38.94662,0.2089617803529764,False,0,16
seq_45,MIRIMMIMMIRRMIGMMTMIRIT,-0.08333333333333333,0.2915299862365135,0.7545833333333333,35.00887,0.1913999311825676,False,0,17
seq_18,RWSRGAWPLVVLALVAGGCAGSD,0.09090909090909091,0.2807911307518745,0.7218181818181817,35.271408,0.14850110830482688,False,1,18
seq_31,KALLITAVLASLTGCIAVDRNYR,-0.1111111111111111,0.24683578544868373,0.9081481481481483,8.649916,0.1145492976137894,False,1,19
seq_19,ALTSPWVLAWVCVAVVVGGLVAR,0.045454545454545456,0.2555577926226872,0.7631818181818182,34.969604,0.052334417658890686,False,1,20
seq_8,HTSQTAWKRLLGIGVAGAALAI,-0.043478260869565216,0.2314973127009247,0.8743478260869566,13.332929,0.020964824374188673,False,0,21
seq_41,KTINILLALISLFLIACSSNKNKQ,0.2727272727272727,0.2333330497603234,0.7022727272727273,21.31502,-0.06288020574383779,False,1,22
seq_49,ASRSALLSLALGTLVLLAAGAAPAG,0.038461538461538464,0.23358745679731222,0.7265384615384615,43.90732,-0.0959088698595929,False,0,23
seq_12,HPSASLFSVLLLAFTSLTAAHPIQ,0.0,0.19601509049248733,0.9047826086956521,31.65441,-0.11514193884191126,False,0,24
seq_15,RRRFFPARFLLFFIFLFLPALAA,0.0,0.19087579626008927,0.883,29.322697,-0.1626210186995536,False,0,25
seq_26,KNLSVIFCVLLTTTMISCSKNE,0.10526315789473684,0.24648565261616698,0.5763157894736842,17.431723,-0.16494015797179662,False,2,26
seq_34,TCGSRWSTGTRRARPASRSSCS,0.08333333333333333,0.22033315052146074,0.6716666666666667,41.49554,-0.2058342473926964,False,2,27
seq_28,DRPQQGTRRSHGGPHREHRR,0.22727272727272727,0.23384828388426204,0.5640909090909091,12.7048,-0.20984948966959882,False,0,28
seq_30,KKIFFLLISLSFVFSCNDDDEINIPE,0.21052631578947367,0.18590684481693764,0.798421052631579,55.145355,-0.2194131443363645,False,1,29
seq_38,KTISIITIFIILFTACDNKSQKK,0.21052631578947367,0.22257285490321763,0.5847368421052633,15.68159,-0.24976730443128004,False,1,30
seq_40,KACLLLICLLCCCAAAATAAAA,0.17391304347826086,0.1590319916178726,0.8717391304347825,33.182743,-0.28962265060628933,False,5,31
seq_33,KKILFVIIIILLSGCKIDYKKIK,0.08695652173913043,0.1911385328876222,0.6786956521739131,44.474403,-0.3438725529531932,False,1,32
seq_2,ATPITPAQRAAAVTALATAAGWD,0.0,0.2172254320446043,0.5320833333333334,35.68739,-0.3817895064436452,False,0,33
seq_44,KKKKKKSRSFWRFFFSFLLVLVLLL,0.04,0.14939563644509346,0.8419999999999999,38.602097,-0.40102181777453283,False,0,34
seq_22,IFEFFRTIWFLIVGTFFWFG,0.08,0.19413899539120424,0.5976,32.9702,-0.4117050230439787,False,0,35
seq_10,RALLILCLLAPAWAAPATAPDAAS,0.043478260869565216,0.18010716992356968,0.6730434782608695,38.693863,-0.41555110690389085,False,1,36
seq_13,LKLLRLQFRALPSLLLALLLAGCQS,0.07407407407407407,0.1981099207936508,0.5666666666666667,60.31232,-0.42426521084656077,False,1,37
seq_46,TSPLARLPRLPARTRRGRWLAL,0.043478260869565216,0.1742082798094972,0.6373913043478261,50.610226,-0.48069773138729643,False,0,38
seq_47,PRDQHDPHDDEDHDDDPDADD,-0.13043478260869565,0.1456509955889344,0.7204347826086956,22.062944,-0.5839189350988061,False,0,39
seq_1,RAALTSAAGAALLAGCTARPASPS,0.08333333333333333,0.15514397465958515,0.5883333333333334,49.57667,-0.6151134600354076,False,1,40
seq_11,GKMKYQSIHFSTKHKCLSY,0.043478260869565216,0.09433975515359044,0.9013043478260871,29.889471,-0.6161273111885692,False,1,41
seq_23,KKLSILAVLISIVACGSKKDNKK,0.043478260869565216,0.09036522114082335,0.844782608695652,35.18502,-0.69252172038284,False,1,42
seq_3,QTQTKLLLVSFILSLIISCSSNN,0.21052631578947367,0.10288471606159129,0.7073684210526316,51.523228,-0.7255764196920436,False,1,43
seq_4,RRFSLLLFLLFLTSSCSSSNPSNT,0.0,0.10997907266929226,0.7129166666666666,42.367825,-0.7371879699868722,False,1,44
seq_43,ESFIRCSARFCRSCRAPRC,0.0,0.058890658990143445,0.9676923076923077,37.37006,-0.7378543973569751,False,4,45
seq_35,ASATTMRSPSSRTCRWPPGRAR,0.045454545454545456,0.05226541702736229,0.9240909090909092,31.815376,-0.803218369408643,False,1,46
seq_42,KKILIILSLVILASCSPKHIKIKG,-0.5238095238095238,0.1265120710170994,0.6342857142857143,41.903343,-0.8641063115811696,False,1,47
seq_14,NRTIIIMFLICFTAFSCNKKE,0.0,0.06671949932552458,0.6666666666666666,18.21196,-0.9997358367057105,False,2,48
seq_21,KYERIILGLLNEGTLTGYDLSKAF,0.2,0.04009709326808368,0.7135,52.076935,-1.0360145336595816,False,0,49
seq_17,NTTNTTRTIFVLLILCCAGCAT,-0.12,0.030807218578337663,0.5908000000000001,59.03257,-1.2851639071083116,False,3,50
